{
  "summary": {
    "successRate": 1.0,
    "total": 0.126826887,
    "slowest": 0.125081147,
    "fastest": 0.000211399,
    "average": 0.0018446570740000008,
    "requestsPerSec": 15769.526851195204,
    "totalData": 46000,
    "sizePerRequest": 23,
    "sizePerSec": 362699.1175774897
  },
  "responseTimeHistogram": {
    "0.000211399": 1,
    "0.0126983738": 1952,
    "0.0251853486": 31,
    "0.0376723234": 2,
    "0.0501592982": 0,
    "0.062646273": 0,
    "0.0751332478": 0,
    "0.0876202226": 0,
    "0.1001071974": 0,
    "0.1125941722": 9,
    "0.125081147": 5
  },
  "latencyPercentiles": {
    "p10": 0.000420361,
    "p25": 0.000554358,
    "p50": 0.000758805,
    "p75": 0.001019116,
    "p90": 0.001337324,
    "p95": 0.001709789,
    "p99": 0.024229196,
    "p99.9": 0.125044056,
    "p99.99": 0.125081147
  },
  "firstByteHistogram": {
    "0.000211111": 1,
    "0.0126980677": 1952,
    "0.0251850244": 31,
    "0.0376719811": 2,
    "0.0501589378": 0,
    "0.0626458945": 0,
    "0.0751328512": 0,
    "0.0876198079": 0,
    "0.1001067646": 0,
    "0.11259372129999999": 9,
    "0.125080678": 5
  },
  "firstBytePercentiles": {
    "p10": 0.000419931,
    "p25": 0.000554087,
    "p50": 0.000758393,
    "p75": 0.001019035,
    "p90": 0.001336883,
    "p95": 0.001709563,
    "p99": 0.024228712,
    "p99.9": 0.125043985,
    "p99.99": 0.125080678
  },
  "rps": {
    "mean": 17747.77325518514,
    "stddev": 21163.40924565098,
    "max": 48035.639021186595,
    "min": 25.09035412877082,
    "percentiles": {
      "p10": 74.43472409652993,
      "p25": 97.58232947951443,
      "p50": 4318.716995554953,
      "p75": 44387.33229722719,
      "p90": 45820.68804065036,
      "p95": 48035.639021186595,
      "p99": 48035.639021186595,
      "p99.9": 48035.639021186595,
      "p99.99": 48035.639021186595
    }
  },
  "details": {
    "DNSDialup": {
      "average": 0.00007633051999999999,
      "fastest": 0.000020001,
      "slowest": 0.000213147
    },
    "DNSLookup": {
      "average": 0.000013039300000000004,
      "fastest": 8.25e-7,
      "slowest": 0.000046791
    },
    "firstByte": {
      "average": 0.0018443256060000001,
      "fastest": 0.000211111,
      "slowest": 0.125080678
    }
  },
  "statusCodeDistribution": {
    "403": 2000
  },
  "errorDistribution": {}
}