{
  "summary": {
    "successRate": 1.0,
    "total": 15.005839232,
    "slowest": 0.044572612,
    "fastest": 0.000051891,
    "average": 0.0006058776335541794,
    "requestsPerSec": 82212.99594954903,
    "totalData": 122130558,
    "sizePerRequest": 99,
    "sizePerSec": 8138868.88375801
  },
  "responseTimeHistogram": {
    "0.000051891": 1,
    "0.0045039631": 1230091,
    "0.0089560352": 3261,
    "0.013408107300000001": 223,
    "0.0178601794": 45,
    "0.022312251499999998": 15,
    "0.0267643236": 3,
    "0.0312163957": 0,
    "0.0356684678": 0,
    "0.0401205399": 0,
    "0.044572612": 3
  },
  "latencyPercentiles": {
    "p10": 0.000154933,
    "p25": 0.000228432,
    "p50": 0.000444575,
    "p75": 0.000784777,
    "p90": 0.001159675,
    "p95": 0.001494685,
    "p99": 0.003290023,
    "p99.9": 0.006089119,
    "p99.99": 0.011406924
  },
  "firstByteHistogram": {
    "0.000051816": 1,
    "0.0045038738": 1230092,
    "0.0089559316": 3260,
    "0.0134079894": 223,
    "0.0178600472": 45,
    "0.022312105": 15,
    "0.0267641628": 3,
    "0.0312162206": 0,
    "0.0356682784": 0,
    "0.0401203362": 0,
    "0.044572394": 3
  },
  "firstBytePercentiles": {
    "p10": 0.000154726,
    "p25": 0.000228207,
    "p50": 0.000444306,
    "p75": 0.000784471,
    "p90": 0.001159391,
    "p95": 0.001494333,
    "p99": 0.003289748,
    "p99.9": 0.006088826,
    "p99.99": 0.011406771
  },
  "rps": {
    "mean": 82198.0441787941,
    "stddev": 43559.941919742814,
    "max": 179321.22859972384,
    "min": 87.71225818278621,
    "percentiles": {
      "p10": 54412.289547673994,
      "p25": 59401.070922170446,
      "p50": 62666.95964638008,
      "p75": 68915.96489412611,
      "p90": 168336.24279307047,
      "p95": 171634.9448747751,
      "p99": 175758.72770699288,
      "p99.9": 178014.05239122867,
      "p99.99": 179321.22859972384
    }
  },
  "details": {
    "DNSDialup": {
      "average": 0.004495431900000003,
      "fastest": 0.000026293,
      "slowest": 0.012816641
    },
    "DNSLookup": {
      "average": 0.000014631220000000001,
      "fastest": 1.84e-6,
      "slowest": 0.000043856
    },
    "firstByte": {
      "average": 0.0006056133956739346,
      "fastest": 0.000051816,
      "slowest": 0.044572394
    }
  },
  "statusCodeDistribution": {
    "200": 1233642
  },
  "errorDistribution": {
    "aborted due to deadline": 33
  }
}
