{
  "summary": {
    "successRate": 1.0,
    "total": 0.10245354,
    "slowest": 0.101339082,
    "fastest": 0.000188233,
    "average": 0.0011919194330000005,
    "requestsPerSec": 19521.043391960884,
    "totalData": 46000,
    "sizePerRequest": 23,
    "sizePerSec": 448983.9980151003
  },
  "responseTimeHistogram": {
    "0.000188233": 1,
    "0.0103033179": 1993,
    "0.0204184028": 0,
    "0.030533487699999997": 0,
    "0.0406485726": 0,
    "0.0507636575": 0,
    "0.0608787424": 0,
    "0.07099382729999999": 0,
    "0.0811089122": 0,
    "0.0912239971": 0,
    "0.101339082": 6
  },
  "latencyPercentiles": {
    "p10": 0.000474135,
    "p25": 0.000623347,
    "p50": 0.000839627,
    "p75": 0.001071107,
    "p90": 0.001340872,
    "p95": 0.00162883,
    "p99": 0.002398107,
    "p99.9": 0.101180988,
    "p99.99": 0.101339082
  },
  "firstByteHistogram": {
    "0.000187872": 1,
    "0.0103029353": 1993,
    "0.020417998599999997": 0,
    "0.0305330619": 0,
    "0.040648125199999996": 0,
    "0.050763188499999994": 0,
    "0.0608782518": 0,
    "0.0709933151": 0,
    "0.0811083784": 0,
    "0.0912234417": 0,
    "0.101338505": 6
  },
  "firstBytePercentiles": {
    "p10": 0.000473971,
    "p25": 0.000622931,
    "p50": 0.000839337,
    "p75": 0.001070899,
    "p90": 0.001340423,
    "p95": 0.001628375,
    "p99": 0.002397678,
    "p99.9": 0.101180437,
    "p99.99": 0.101338505
  },
  "rps": {
    "mean": 35296.805154643705,
    "stddev": 21043.530927880445,
    "max": 55489.70465654777,
    "min": 16.652137121956525,
    "percentiles": {
      "p10": 16.652137121956525,
      "p25": 12330.881954000983,
      "p50": 43584.193528978976,
      "p75": 50247.06642712229,
      "p90": 55489.70465654777,
      "p95": 55489.70465654777,
      "p99": 55489.70465654777,
      "p99.9": 55489.70465654777,
      "p99.99": 55489.70465654777
    }
  },
  "details": {
    "DNSDialup": {
      "average": 0.00009856942000000001,
      "fastest": 0.000023435,
      "slowest": 0.00037381
    },
    "DNSLookup": {
      "average": 0.000013505819999999998,
      "fastest": 8.32e-7,
      "slowest": 0.000051986
    },
    "firstByte": {
      "average": 0.0011915835764999998,
      "fastest": 0.000187872,
      "slowest": 0.101338505
    }
  },
  "statusCodeDistribution": {
    "403": 2000
  },
  "errorDistribution": {}
}