{
  "summary": {
    "successRate": 1.0,
    "total": 15.003923183,
    "slowest": 0.015481693,
    "fastest": 0.000031207,
    "average": 0.000705593790441347,
    "requestsPerSec": 141291.84574884796,
    "totalData": 48756228,
    "sizePerRequest": 23,
    "sizePerSec": 3249565.290712939
  },
  "responseTimeHistogram": {
    "0.000031207": 1,
    "0.0015762556000000001": 1905487,
    "0.0031213042": 166404,
    "0.004666352800000001": 33723,
    "0.0062114014": 10687,
    "0.00775645": 2912,
    "0.009301498600000001": 435,
    "0.0108465472": 71,
    "0.0123915958": 31,
    "0.0139366444": 50,
    "0.015481693": 35
  },
  "latencyPercentiles": {
    "p10": 0.000155338,
    "p25": 0.000238694,
    "p50": 0.000417173,
    "p75": 0.000849454,
    "p90": 0.001585417,
    "p95": 0.002222534,
    "p99": 0.004161411,
    "p99.9": 0.006722885,
    "p99.99": 0.00906082
  },
  "firstByteHistogram": {
    "0.000031133": 1,
    "0.0015761787000000001": 1905536,
    "0.0031212244000000003": 166356,
    "0.004666270100000001": 33724,
    "0.0062113158000000005": 10686,
    "0.0077563615": 2911,
    "0.0093014072": 435,
    "0.0108464529": 71,
    "0.0123914986": 31,
    "0.013936544300000001": 50,
    "0.01548159": 35
  },
  "firstBytePercentiles": {
    "p10": 0.000155124,
    "p25": 0.000238475,
    "p50": 0.000416935,
    "p75": 0.000849196,
    "p90": 0.001585197,
    "p95": 0.002222283,
    "p99": 0.004161203,
    "p99.9": 0.00672248,
    "p99.99": 0.009060319
  },
  "rps": {
    "mean": 141504.24320712322,
    "stddev": 22151.019539081488,
    "max": 201465.745869156,
    "min": 1603.61358284751,
    "percentiles": {
      "p10": 111395.85619436225,
      "p25": 129977.3045072067,
      "p50": 145111.11307767656,
      "p75": 156441.0344833254,
      "p90": 165486.83094020956,
      "p95": 169844.51624771464,
      "p99": 180978.66213525814,
      "p99.9": 198809.8013232054,
      "p99.99": 201465.745869156
    }
  },
  "details": {
    "DNSDialup": {
      "average": 0.00011245307299270073,
      "fastest": 0.000035373,
      "slowest": 0.003242486
    },
    "DNSLookup": {
      "average": 0.00001884675547445256,
      "fastest": 8.29e-7,
      "slowest": 0.000129021
    },
    "firstByte": {
      "average": 0.000705357312137345,
      "fastest": 0.000031133,
      "slowest": 0.01548159
    }
  },
  "statusCodeDistribution": {
    "403": 2119836
  },
  "errorDistribution": {
    "aborted due to deadline": 96
  }
}