{
  "summary": {
    "successRate": 1.0,
    "total": 15.001955113,
    "slowest": 0.136407326,
    "fastest": 0.000102021,
    "average": 0.005611895866182195,
    "requestsPerSec": 8901.773068516713,
    "totalData": 3461105,
    "sizePerRequest": 25,
    "sizePerSec": 230710.26235778874
  },
  "responseTimeHistogram": {
    "0.000102021": 1,
    "0.013732551499999999": 116761,
    "0.027363081999999997": 16296,
    "0.04099361249999999": 430,
    "0.05462414299999999": 5,
    "0.06825467349999999": 0,
    "0.08188520399999998": 0,
    "0.09551573449999998": 0,
    "0.10914626499999998": 0,
    "0.12277679549999998": 0,
    "0.136407326": 2
  },
  "latencyPercentiles": {
    "p10": 0.000768886,
    "p25": 0.001317712,
    "p50": 0.002788384,
    "p75": 0.009163597,
    "p90": 0.014811299,
    "p95": 0.017642951,
    "p99": 0.023408509,
    "p99.9": 0.031423164,
    "p99.99": 0.037605925
  },
  "firstByteHistogram": {
    "0.000101907": 1,
    "0.013732395299999998": 116761,
    "0.027362883599999995": 16297,
    "0.04099337189999999": 429,
    "0.05462386019999999": 5,
    "0.06825434849999999": 0,
    "0.08188483679999999": 0,
    "0.09551532509999999": 0,
    "0.10914581339999999": 0,
    "0.12277630169999998": 0,
    "0.13640679": 2
  },
  "firstBytePercentiles": {
    "p10": 0.000768503,
    "p25": 0.001317375,
    "p50": 0.002788031,
    "p75": 0.009163053,
    "p90": 0.014810915,
    "p95": 0.017642742,
    "p99": 0.023407926,
    "p99.9": 0.031422872,
    "p99.99": 0.037605401
  },
  "rps": {
    "mean": 9018.820579493835,
    "stddev": 6273.967125301292,
    "max": 34088.01563303023,
    "min": 93.95566307422821,
    "percentiles": {
      "p10": 2437.002965629321,
      "p25": 4038.1402345149777,
      "p50": 7404.244853574759,
      "p75": 13102.684740103387,
      "p90": 18468.31244088766,
      "p95": 20763.598903441518,
      "p99": 27454.883982499163,
      "p99.9": 33728.778934635775,
      "p99.99": 34088.01563303023
    }
  },
  "details": {
    "DNSDialup": {
      "average": 0.00007985706000000002,
      "fastest": 0.000019935,
      "slowest": 0.000219634
    },
    "DNSLookup": {
      "average": 0.000012634259999999998,
      "fastest": 7.28e-7,
      "slowest": 0.000040547
    },
    "firstByte": {
      "average": 0.005611443955833604,
      "fastest": 0.000101907,
      "slowest": 0.13640679
    }
  },
  "statusCodeDistribution": {
    "403": 117215,
    "503": 16280
  },
  "errorDistribution": {
    "aborted due to deadline": 49
  }
}