{
  "summary": {
    "successRate": 1.0,
    "total": 0.037799596,
    "slowest": 0.003411454,
    "fastest": 0.000217628,
    "average": 0.0008950147244999989,
    "requestsPerSec": 52910.61840978407,
    "totalData": 46000,
    "sizePerRequest": 23,
    "sizePerSec": 1216944.2234250335
  },
  "responseTimeHistogram": {
    "0.000217628": 1,
    "0.0005370106": 241,
    "0.0008563932": 788,
    "0.0011757758": 627,
    "0.0014951584": 239,
    "0.001814541": 71,
    "0.0021339236": 19,
    "0.0024533062": 9,
    "0.0027726888": 2,
    "0.0030920714": 2,
    "0.003411454": 1
  },
  "latencyPercentiles": {
    "p10": 0.000506548,
    "p25": 0.000662541,
    "p50": 0.000845421,
    "p75": 0.001066628,
    "p90": 0.00132767,
    "p95": 0.001505254,
    "p99": 0.001999158,
    "p99.9": 0.002946116,
    "p99.99": 0.003411454
  },
  "firstByteHistogram": {
    "0.000217258": 1,
    "0.0005366538000000001": 241,
    "0.0008560496": 789,
    "0.0011754454": 626,
    "0.0014948411999999999": 239,
    "0.0018142369999999998": 71,
    "0.0021336328": 19,
    "0.0024530286": 9,
    "0.0027724244": 2,
    "0.0030918202": 2,
    "0.003411216": 1
  },
  "firstBytePercentiles": {
    "p10": 0.00050633,
    "p25": 0.000662272,
    "p50": 0.000844882,
    "p75": 0.001066384,
    "p90": 0.001327378,
    "p95": 0.001504952,
    "p99": 0.001999084,
    "p99.9": 0.002945879,
    "p99.99": 0.003411216
  },
  "rps": {
    "mean": 53118.31810529347,
    "stddev": 5737.102237579115,
    "max": 58903.928892057105,
    "min": 45281.90591141256,
    "percentiles": {
      "p10": 45281.90591141256,
      "p25": 53206.30619978717,
      "p50": 55081.13141791702,
      "p75": 58903.928892057105,
      "p90": 58903.928892057105,
      "p95": 58903.928892057105,
      "p99": 58903.928892057105,
      "p99.9": 58903.928892057105,
      "p99.99": 58903.928892057105
    }
  },
  "details": {
    "DNSDialup": {
      "average": 0.00008515399999999999,
      "fastest": 0.000021947,
      "slowest": 0.000421472
    },
    "DNSLookup": {
      "average": 0.000018459619999999997,
      "fastest": 1.09e-6,
      "slowest": 0.000309262
    },
    "firstByte": {
      "average": 0.0008946750584999995,
      "fastest": 0.000217258,
      "slowest": 0.003411216
    }
  },
  "statusCodeDistribution": {
    "403": 2000
  },
  "errorDistribution": {}
}