{
  "summary": {
    "successRate": 1.0,
    "total": 15.005097447,
    "slowest": 0.011294093,
    "fastest": 0.000019303,
    "average": 0.00027355060526067877,
    "requestsPerSec": 363627.3619196576,
    "totalData": 409212375,
    "sizePerRequest": 75,
    "sizePerSec": 27271557.31213293
  },
  "responseTimeHistogram": {
    "0.000019303": 1,
    "0.001146782": 5446946,
    "0.002274261": 8636,
    "0.0034017400000000003": 505,
    "0.004529219": 50,
    "0.005656698": 5,
    "0.006784177000000001": 2,
    "0.007911656": 0,
    "0.009039135": 1,
    "0.010166614000000001": 0,
    "0.011294093": 19
  },
  "latencyPercentiles": {
    "p10": 0.000119641,
    "p25": 0.000166692,
    "p50": 0.000239356,
    "p75": 0.000342148,
    "p90": 0.000467113,
    "p95": 0.000560858,
    "p99": 0.00078287,
    "p99.9": 0.001326713,
    "p99.99": 0.002303861
  },
  "firstByteHistogram": {
    "0.000019231": 1,
    "0.0011467052": 5446947,
    "0.0022741794000000004": 8635,
    "0.0034016536000000008": 505,
    "0.0045291278": 50,
    "0.005656602": 5,
    "0.006784076200000001": 2,
    "0.0079115504": 0,
    "0.0090390246": 1,
    "0.010166498800000002": 0,
    "0.011293973": 19
  },
  "firstBytePercentiles": {
    "p10": 0.000119474,
    "p25": 0.000166517,
    "p50": 0.000239177,
    "p75": 0.00034197,
    "p90": 0.000466936,
    "p95": 0.000560672,
    "p99": 0.000782659,
    "p99.9": 0.001326309,
    "p99.99": 0.002303739
  },
  "rps": {
    "mean": 363705.082759432,
    "stddev": 23659.474086432852,
    "max": 460847.88209495094,
    "min": 246446.4551568374,
    "percentiles": {
      "p10": 334373.75179055886,
      "p25": 348031.5316567724,
      "p50": 364098.01518565626,
      "p75": 379207.39454420726,
      "p90": 394179.07232191175,
      "p95": 402200.12066005473,
      "p99": 419121.5847616233,
      "p99.9": 441794.98592191545,
      "p99.99": 460847.88209495094
    }
  },
  "details": {
    "DNSDialup": {
      "average": 0.00010179210999999998,
      "fastest": 0.00002873,
      "slowest": 0.000289582
    },
    "DNSLookup": {
      "average": 8.892079999999996e-6,
      "fastest": 7.73e-7,
      "slowest": 0.000135229
    },
    "firstByte": {
      "average": 0.00027337467357804935,
      "fastest": 0.000019231,
      "slowest": 0.011293973
    }
  },
  "statusCodeDistribution": {
    "400": 5456165
  },
  "errorDistribution": {
    "aborted due to deadline": 99
  }
}