{
  "summary": {
    "successRate": 1.0,
    "total": 15.005775133,
    "slowest": 0.035330525,
    "fastest": 0.000056513,
    "average": 0.0008989863585878301,
    "requestsPerSec": 221619.40789626786,
    "totalData": 196198128,
    "sizePerRequest": 59,
    "sizePerSec": 13074841.27018072
  },
  "responseTimeHistogram": {
    "0.000056513": 1,
    "0.0035839141999999997": 3292684,
    "0.0071113154": 32418,
    "0.010638716599999999": 176,
    "0.0141661178": 86,
    "0.017693519": 6,
    "0.0212209202": 2,
    "0.024748321400000002": 0,
    "0.0282757226": 0,
    "0.0318031238": 0,
    "0.035330525": 19
  },
  "latencyPercentiles": {
    "p10": 0.000289258,
    "p25": 0.000446788,
    "p50": 0.000725358,
    "p75": 0.00112202,
    "p90": 0.001680027,
    "p95": 0.002223273,
    "p99": 0.003573259,
    "p99.9": 0.004923259,
    "p99.99": 0.00693524
  },
  "firstByteHistogram": {
    "0.000056451": 1,
    "0.0035838292000000002": 3292692,
    "0.007111207400000001": 32410,
    "0.010638585600000002": 176,
    "0.014165963800000002": 86,
    "0.017693342": 6,
    "0.0212207202": 2,
    "0.0247480984": 0,
    "0.028275476600000002": 0,
    "0.0318028548": 0,
    "0.035330233": 19
  },
  "firstBytePercentiles": {
    "p10": 0.000289054,
    "p25": 0.000446581,
    "p50": 0.000725142,
    "p75": 0.001121811,
    "p90": 0.001679826,
    "p95": 0.002223072,
    "p99": 0.003573082,
    "p99.9": 0.004923165,
    "p99.99": 0.006935102
  },
  "rps": {
    "mean": 221982.6758531816,
    "stddev": 9158.744151469984,
    "max": 260653.35574192027,
    "min": 29.780436879604633,
    "percentiles": {
      "p10": 214732.42459611702,
      "p25": 218640.7983729778,
      "p50": 222005.9941618304,
      "p75": 224695.05777963734,
      "p90": 227708.65292880402,
      "p95": 231131.349903216,
      "p99": 252869.75146415745,
      "p99.9": 258604.8876323756,
      "p99.99": 260653.35574192027
    }
  },
  "details": {
    "DNSDialup": {
      "average": 0.00832796024999999,
      "fastest": 0.000046719,
      "slowest": 0.032597097
    },
    "DNSLookup": {
      "average": 5.709395000000002e-6,
      "fastest": 7.63e-7,
      "slowest": 0.000048835
    },
    "firstByte": {
      "average": 0.0008987774212922823,
      "fastest": 0.000056451,
      "slowest": 0.035330233
    }
  },
  "statusCodeDistribution": {
    "200": 3325392
  },
  "errorDistribution": {
    "aborted due to deadline": 179
  }
}
