{
  "summary": {
    "successRate": 1.0,
    "total": 10.001384956,
    "slowest": 0.003005009,
    "fastest": 0.00002379,
    "average": 0.00011369831974856018,
    "requestsPerSec": 86703.69192016529,
    "totalData": 19944381,
    "sizePerRequest": 23,
    "sizePerSec": 1994161.9173487595
  },
  "responseTimeHistogram": {
    "0.00002379": 1,
    "0.00032191189999999996": 823541,
    "0.0006200337999999999": 40786,
    "0.0009181556999999998": 2044,
    "0.0012162776": 663,
    "0.0015143995": 68,
    "0.0018125213999999998": 28,
    "0.0021106433": 5,
    "0.0024087652": 9,
    "0.0027068871": 1,
    "0.003005009": 1
  },
  "latencyPercentiles": {
    "p10": 0.000054678,
    "p25": 0.000074744,
    "p50": 0.000093216,
    "p75": 0.000115895,
    "p90": 0.000160638,
    "p95": 0.000322737,
    "p99": 0.000451037,
    "p99.9": 0.000880541,
    "p99.99": 0.00129964
  },
  "firstByteHistogram": {
    "0.00002373": 1,
    "0.0003218214": 823595,
    "0.0006199128": 40735,
    "0.0009180041999999999": 2041,
    "0.0012160956": 663,
    "0.001514187": 68,
    "0.0018122783999999998": 28,
    "0.0021103698": 5,
    "0.0024084612": 9,
    "0.0027065526": 1,
    "0.003004644": 1
  },
  "firstBytePercentiles": {
    "p10": 0.000054483,
    "p25": 0.000074579,
    "p50": 0.000093013,
    "p75": 0.000115675,
    "p90": 0.000160397,
    "p95": 0.000322483,
    "p99": 0.000450785,
    "p99.9": 0.000880336,
    "p99.99": 0.001298457
  },
  "rps": {
    "mean": 86713.06448911718,
    "stddev": 7700.467053218968,
    "max": 100164.33555272187,
    "min": 34782.667966957066,
    "percentiles": {
      "p10": 76410.28482433739,
      "p25": 82653.13145665097,
      "p50": 87721.25709368121,
      "p75": 92325.31068820064,
      "p90": 95398.22200938204,
      "p95": 96856.15719993907,
      "p99": 99036.26708100842,
      "p99.9": 100001.69002856134,
      "p99.99": 100164.33555272187
    }
  },
  "details": {
    "DNSDialup": {
      "average": 0.00006485823076923077,
      "fastest": 0.000035394,
      "slowest": 0.000137956
    },
    "DNSLookup": {
      "average": 0.000018982582417582416,
      "fastest": 8.973e-6,
      "slowest": 0.000032491
    },
    "firstByte": {
      "average": 0.00011349864932820136,
      "fastest": 0.00002373,
      "slowest": 0.003004644
    }
  },
  "statusCodeDistribution": {
    "403": 867147
  },
  "errorDistribution": {
    "aborted due to deadline": 10
  }
}