{
  "summary": {
    "successRate": 1.0,
    "total": 10.002260276,
    "slowest": 0.01824091,
    "fastest": 0.000015687,
    "average": 0.00004882360494511494,
    "requestsPerSec": 199218.87103670486,
    "totalData": 149447400,
    "sizePerRequest": 75,
    "sizePerSec": 14941362.839616634
  },
  "responseTimeHistogram": {
    "0.000015687": 1,
    "0.0018382092999999998": 1992630,
    "0.0036607315999999997": 0,
    "0.0054832539": 0,
    "0.0073057762": 0,
    "0.0091282985": 0,
    "0.0109508208": 0,
    "0.012773343099999999": 0,
    "0.0145958654": 0,
    "0.0164183877": 0,
    "0.01824091": 1
  },
  "latencyPercentiles": {
    "p10": 0.000032945,
    "p25": 0.000039319,
    "p50": 0.000047263,
    "p75": 0.000056141,
    "p90": 0.000065718,
    "p95": 0.000072961,
    "p99": 0.000090322,
    "p99.9": 0.000138998,
    "p99.99": 0.000233771
  },
  "firstByteHistogram": {
    "0.00001563": 1,
    "0.0018381477000000003": 1992630,
    "0.0036606654000000006": 0,
    "0.005483183100000001": 0,
    "0.007305700800000001": 0,
    "0.009128218500000002": 0,
    "0.010950736200000004": 0,
    "0.012773253900000003": 0,
    "0.014595771600000003": 0,
    "0.016418289300000003": 0,
    "0.018240807": 1
  },
  "firstBytePercentiles": {
    "p10": 0.000032836,
    "p25": 0.00003917,
    "p50": 0.000047086,
    "p75": 0.000055944,
    "p90": 0.000065511,
    "p95": 0.000072754,
    "p99": 0.000090095,
    "p99.9": 0.000138785,
    "p99.99": 0.000233695
  },
  "rps": {
    "mean": 199237.9401710993,
    "stddev": 6367.406869286691,
    "max": 213997.45646448567,
    "min": 145022.87010661775,
    "percentiles": {
      "p10": 192356.68751582416,
      "p25": 196645.66112251356,
      "p50": 200102.07206696022,
      "p75": 202934.8236157331,
      "p90": 205613.87893683044,
      "p95": 207368.5145572103,
      "p99": 211371.88761901177,
      "p99.9": 213790.06975638765,
      "p99.99": 213997.45646448567
    }
  },
  "details": {
    "DNSDialup": {
      "average": 0.00010658429999999999,
      "fastest": 0.000075026,
      "slowest": 0.000158829
    },
    "DNSLookup": {
      "average": 0.000031674,
      "fastest": 0.000023029,
      "slowest": 0.00004721
    },
    "firstByte": {
      "average": 0.000048655685127005145,
      "fastest": 0.00001563,
      "slowest": 0.018240807
    }
  },
  "statusCodeDistribution": {
    "400": 1992632
  },
  "errorDistribution": {
    "aborted due to deadline": 7
  }
}