{
  "summary": {
    "successRate": 1.0,
    "total": 15.001222497,
    "slowest": 0.033581452,
    "fastest": 0.00002264,
    "average": 0.00003239286830238096,
    "requestsPerSec": 30214.804166170084,
    "totalData": 10424934,
    "sizePerRequest": 23,
    "sizePerSec": 694938.9626135348
  },
  "responseTimeHistogram": {
    "0.00002264": 1,
    "0.0033785212": 453256,
    "0.0067344024": 0,
    "0.0100902836": 0,
    "0.0134461648": 0,
    "0.016802046": 0,
    "0.0201579272": 0,
    "0.0235138084": 0,
    "0.0268696896": 0,
    "0.0302255708": 0,
    "0.033581452": 1
  },
  "latencyPercentiles": {
    "p10": 0.000023769,
    "p25": 0.000024352,
    "p50": 0.000025434,
    "p75": 0.000031165,
    "p90": 0.000050988,
    "p95": 0.000064764,
    "p99": 0.000135511,
    "p99.9": 0.000273586,
    "p99.99": 0.000462974
  },
  "firstByteHistogram": {
    "0.000022582": 1,
    "0.0033783928000000003": 453256,
    "0.0067342036000000004": 0,
    "0.0100900144": 0,
    "0.0134458252": 0,
    "0.016801636000000002": 0,
    "0.0201574468": 0,
    "0.0235132576": 0,
    "0.0268690684": 0,
    "0.030224879200000002": 0,
    "0.03358069": 1
  },
  "firstBytePercentiles": {
    "p10": 0.000023709,
    "p25": 0.000024292,
    "p50": 0.000025368,
    "p75": 0.000030993,
    "p90": 0.000050881,
    "p95": 0.000064674,
    "p99": 0.000135416,
    "p99.9": 0.000273383,
    "p99.99": 0.000462915
  },
  "rps": {
    "mean": 30258.753247288583,
    "stddev": 8111.690290107684,
    "max": 39600.708852691685,
    "min": 29.423962669230086,
    "percentiles": {
      "p10": 15871.018269271666,
      "p25": 26379.97617376481,
      "p50": 33777.34665949742,
      "p75": 36626.63122356131,
      "p90": 37855.0715581027,
      "p95": 38436.333866400004,
      "p99": 39047.0204219923,
      "p99.9": 39549.60707214607,
      "p99.99": 39600.708852691685
    }
  },
  "details": {
    "DNSDialup": {
      "average": 0.00006228606521739131,
      "fastest": 0.000050908,
      "slowest": 0.000137887
    },
    "DNSLookup": {
      "average": 0.00001893045652173913,
      "fastest": 0.000015659,
      "slowest": 0.00003831
    },
    "firstByte": {
      "average": 0.00003230483120871528,
      "fastest": 0.000022582,
      "slowest": 0.03358069
    }
  },
  "statusCodeDistribution": {
    "403": 453258
  },
  "errorDistribution": {
    "aborted due to deadline": 1
  }
}