{
  "summary": {
    "successRate": 1.0,
    "total": 0.128467837,
    "slowest": 0.126470209,
    "fastest": 0.000186408,
    "average": 0.0019995352955000014,
    "requestsPerSec": 15568.098963166944,
    "totalData": 46000,
    "sizePerRequest": 23,
    "sizePerSec": 358066.2761528397
  },
  "responseTimeHistogram": {
    "0.000186408": 1,
    "0.0128147881": 1949,
    "0.025443168199999998": 23,
    "0.038071548299999994": 11,
    "0.0506999284": 0,
    "0.0633283085": 0,
    "0.07595668859999999": 0,
    "0.08858506869999999": 0,
    "0.1012134488": 0,
    "0.1138418289": 8,
    "0.126470209": 8
  },
  "latencyPercentiles": {
    "p10": 0.000396599,
    "p25": 0.000531006,
    "p50": 0.00074079,
    "p75": 0.001033132,
    "p90": 0.001429572,
    "p95": 0.00184458,
    "p99": 0.026823913,
    "p99.9": 0.116619311,
    "p99.99": 0.126470209
  },
  "firstByteHistogram": {
    "0.000185947": 1,
    "0.012814335600000002": 1949,
    "0.025442724200000003": 23,
    "0.03807111280000001": 11,
    "0.050699501400000006": 0,
    "0.06332789000000001": 0,
    "0.07595627860000002": 0,
    "0.08858466720000002": 0,
    "0.10121305580000002": 0,
    "0.11384144440000002": 8,
    "0.126469833": 8
  },
  "firstBytePercentiles": {
    "p10": 0.000396134,
    "p25": 0.000530831,
    "p50": 0.000740347,
    "p75": 0.001032729,
    "p90": 0.001429309,
    "p95": 0.001844165,
    "p99": 0.026823587,
    "p99.9": 0.11661894,
    "p99.99": 0.126469833
  },
  "rps": {
    "mean": 21549.281265017307,
    "stddev": 19511.39482711214,
    "max": 45743.67220930853,
    "min": 29.105005650591327,
    "percentiles": {
      "p10": 63.59147614766398,
      "p25": 93.33952485514882,
      "p50": 24216.193368505526,
      "p75": 42384.619227176874,
      "p90": 43722.2034576892,
      "p95": 45743.67220930853,
      "p99": 45743.67220930853,
      "p99.9": 45743.67220930853,
      "p99.99": 45743.67220930853
    }
  },
  "details": {
    "DNSDialup": {
      "average": 0.00008167669999999999,
      "fastest": 0.000018851,
      "slowest": 0.000197946
    },
    "DNSLookup": {
      "average": 0.00001504334,
      "fastest": 1.095e-6,
      "slowest": 0.000063929
    },
    "firstByte": {
      "average": 0.0019991606915000003,
      "fastest": 0.000185947,
      "slowest": 0.126469833
    }
  },
  "statusCodeDistribution": {
    "403": 2000
  },
  "errorDistribution": {}
}