{
  "summary": {
    "successRate": 1.0,
    "total": 0.044267636,
    "slowest": 0.006373387,
    "fastest": 0.000257463,
    "average": 0.0010659619679999996,
    "requestsPerSec": 45179.733564268034,
    "totalData": 46000,
    "sizePerRequest": 23,
    "sizePerSec": 1039133.8719781649
  },
  "responseTimeHistogram": {
    "0.000257463": 1,
    "0.0008690554": 853,
    "0.0014806478000000001": 849,
    "0.0020922402": 168,
    "0.0027038326": 70,
    "0.003315425": 33,
    "0.003927017400000001": 14,
    "0.0045386098": 8,
    "0.0051502022000000005": 2,
    "0.005761794600000001": 1,
    "0.006373387": 1
  },
  "latencyPercentiles": {
    "p10": 0.000524399,
    "p25": 0.000700653,
    "p50": 0.000934169,
    "p75": 0.001198007,
    "p90": 0.001768168,
    "p95": 0.002332522,
    "p99": 0.003566591,
    "p99.9": 0.005187863,
    "p99.99": 0.006373387
  },
  "firstByteHistogram": {
    "0.000257162": 1,
    "0.0008687761000000001": 853,
    "0.0014803902000000001": 849,
    "0.0020920043000000003": 168,
    "0.0027036184": 70,
    "0.0033152325": 33,
    "0.0039268466000000005": 14,
    "0.0045384607": 8,
    "0.0051500748": 2,
    "0.005761688900000001": 1,
    "0.006373303": 1
  },
  "firstBytePercentiles": {
    "p10": 0.000524127,
    "p25": 0.000700236,
    "p50": 0.000934006,
    "p75": 0.001197733,
    "p90": 0.001767739,
    "p95": 0.002332107,
    "p99": 0.003566217,
    "p99.9": 0.005187504,
    "p99.99": 0.006373303
  },
  "rps": {
    "mean": 46496.66567273586,
    "stddev": 13956.330020276197,
    "max": 55745.43763579129,
    "min": 21901.27684444003,
    "percentiles": {
      "p10": 21901.27684444003,
      "p25": 49121.76585445011,
      "p50": 52211.66408575675,
      "p75": 53503.18394324108,
      "p90": 55745.43763579129,
      "p95": 55745.43763579129,
      "p99": 55745.43763579129,
      "p99.9": 55745.43763579129,
      "p99.99": 55745.43763579129
    }
  },
  "details": {
    "DNSDialup": {
      "average": 0.00007547671999999999,
      "fastest": 0.000020186,
      "slowest": 0.000210643
    },
    "DNSLookup": {
      "average": 0.00001273018,
      "fastest": 9.16e-7,
      "slowest": 0.000041564
    },
    "firstByte": {
      "average": 0.0010655987804999978,
      "fastest": 0.000257162,
      "slowest": 0.006373303
    }
  },
  "statusCodeDistribution": {
    "403": 2000
  },
  "errorDistribution": {}
}