{
  "summary": {
    "successRate": 1.0,
    "total": 15.005394609,
    "slowest": 0.026663975,
    "fastest": 0.00001847,
    "average": 0.00016143253128931233,
    "requestsPerSec": 307116.8149910532,
    "totalData": 345627225,
    "sizePerRequest": 75,
    "sizePerSec": 23033531.20701659
  },
  "responseTimeHistogram": {
    "0.00001847": 1,
    "0.0026830205": 4608241,
    "0.005347571": 85,
    "0.0080121215": 3,
    "0.010676672": 0,
    "0.0133412225": 3,
    "0.016005773": 18,
    "0.0186703235": 0,
    "0.021334874": 0,
    "0.0239994245": 0,
    "0.026663975": 12
  },
  "latencyPercentiles": {
    "p10": 0.000075998,
    "p25": 0.000101243,
    "p50": 0.000139469,
    "p75": 0.000194106,
    "p90": 0.000268549,
    "p95": 0.000336539,
    "p99": 0.000496281,
    "p99.9": 0.000810124,
    "p99.99": 0.001511353
  },
  "firstByteHistogram": {
    "0.000018411": 1,
    "0.0026829547": 4608241,
    "0.0053474984": 85,
    "0.008012042099999998": 3,
    "0.010676585799999999": 0,
    "0.0133411295": 3,
    "0.016005673199999997": 18,
    "0.018670216899999998": 0,
    "0.0213347606": 0,
    "0.0239993043": 0,
    "0.026663848": 12
  },
  "firstBytePercentiles": {
    "p10": 0.000075843,
    "p25": 0.000101081,
    "p50": 0.000139307,
    "p75": 0.000193942,
    "p90": 0.000268385,
    "p95": 0.000336372,
    "p99": 0.000496121,
    "p99.9": 0.00080991,
    "p99.99": 0.001511012
  },
  "rps": {
    "mean": 307201.2350368654,
    "stddev": 19580.34476523833,
    "max": 438516.4882199285,
    "min": 229265.11129160682,
    "percentiles": {
      "p10": 282481.8618226411,
      "p25": 294846.91014340916,
      "p50": 307381.0384834848,
      "p75": 320064.6850728678,
      "p90": 332372.40156467527,
      "p95": 337230.7891710601,
      "p99": 350447.88900914206,
      "p99.9": 363662.9573711957,
      "p99.99": 438516.4882199285
    }
  },
  "details": {
    "DNSDialup": {
      "average": 0.00007747610000000002,
      "fastest": 0.0000193,
      "slowest": 0.000204346
    },
    "DNSLookup": {
      "average": 0.00001334664,
      "fastest": 9.55e-7,
      "slowest": 0.000039102
    },
    "firstByte": {
      "average": 0.00016127374065933394,
      "fastest": 0.000018411,
      "slowest": 0.026663848
    }
  },
  "statusCodeDistribution": {
    "400": 4608363
  },
  "errorDistribution": {
    "aborted due to deadline": 46
  }
}