{
  "summary": {
    "successRate": 1.0,
    "total": 15.009199274,
    "slowest": 0.032848376,
    "fastest": 0.000061054,
    "average": 0.0012314409646085958,
    "requestsPerSec": 81011.31697986675,
    "totalData": 120367269,
    "sizePerRequest": 99,
    "sizePerSec": 8019566.320803584
  },
  "responseTimeHistogram": {
    "0.000061054": 1,
    "0.0033397862": 1163182,
    "0.0066185184": 48659,
    "0.0098972506": 3417,
    "0.0131759828": 415,
    "0.016454715": 108,
    "0.0197334472": 26,
    "0.023012179400000003": 6,
    "0.0262909116": 7,
    "0.0295696438": 5,
    "0.032848376": 5
  },
  "latencyPercentiles": {
    "p10": 0.000358299,
    "p25": 0.000567274,
    "p50": 0.000957149,
    "p75": 0.001555624,
    "p90": 0.002397339,
    "p95": 0.003172748,
    "p99": 0.005030056,
    "p99.9": 0.008438625,
    "p99.99": 0.013817118
  },
  "firstByteHistogram": {
    "0.000060816": 1,
    "0.003339556": 1163188,
    "0.006618296": 48653,
    "0.009897036": 3417,
    "0.013175776": 415,
    "0.016454516000000002": 108,
    "0.019733256": 26,
    "0.023011996000000003": 6,
    "0.026290736000000002": 7,
    "0.029569476": 5,
    "0.032848216": 5
  },
  "firstBytePercentiles": {
    "p10": 0.000358072,
    "p25": 0.000567022,
    "p50": 0.000956883,
    "p75": 0.001555341,
    "p90": 0.002397088,
    "p95": 0.00317251,
    "p99": 0.005029706,
    "p99.9": 0.008438472,
    "p99.99": 0.013817013
  },
  "rps": {
    "mean": 81023.40838223828,
    "stddev": 21376.596594240185,
    "max": 169289.62006057327,
    "min": 28337.359975392632,
    "percentiles": {
      "p10": 53509.89255354288,
      "p25": 74611.12451866665,
      "p50": 81014.9034375418,
      "p75": 87514.53312650652,
      "p90": 94017.21125727556,
      "p95": 103228.37748096911,
      "p99": 160568.1290571519,
      "p99.9": 165213.93552511933,
      "p99.99": 169289.62006057327
    }
  },
  "details": {
    "DNSDialup": {
      "average": 0.00009189548000000002,
      "fastest": 0.000025531,
      "slowest": 0.000279723
    },
    "DNSLookup": {
      "average": 7.6574e-6,
      "fastest": 8.77e-7,
      "slowest": 0.000098131
    },
    "firstByte": {
      "average": 0.001231185871253463,
      "fastest": 0.000060816,
      "slowest": 0.032848216
    }
  },
  "statusCodeDistribution": {
    "200": 1215831
  },
  "errorDistribution": {
    "aborted due to deadline": 84
  }
}
