{
  "summary": {
    "successRate": 1.0,
    "total": 0.041997287,
    "slowest": 0.004037406,
    "fastest": 0.000232509,
    "average": 0.0010061779839999985,
    "requestsPerSec": 47622.123781471884,
    "totalData": 46000,
    "sizePerRequest": 23,
    "sizePerSec": 1095308.8469738534
  },
  "responseTimeHistogram": {
    "0.000232509": 1,
    "0.0006129987": 331,
    "0.0009934884": 762,
    "0.0013739781000000001": 613,
    "0.0017544678000000003": 200,
    "0.0021349575000000004": 50,
    "0.0025154472": 20,
    "0.0028959369000000003": 5,
    "0.0032764266000000005": 3,
    "0.0036569163000000006": 5,
    "0.004037406": 10
  },
  "latencyPercentiles": {
    "p10": 0.000510824,
    "p25": 0.000713694,
    "p50": 0.000952355,
    "p75": 0.001203061,
    "p90": 0.001510699,
    "p95": 0.001732754,
    "p99": 0.002664428,
    "p99.9": 0.004005117,
    "p99.99": 0.004037406
  },
  "firstByteHistogram": {
    "0.000232029": 1,
    "0.000612502": 331,
    "0.0009929749999999999": 759,
    "0.0013734479999999998": 616,
    "0.0017539209999999999": 200,
    "0.002134394": 50,
    "0.0025148669999999996": 20,
    "0.0028953399999999997": 5,
    "0.003275813": 3,
    "0.003656286": 5,
    "0.004036759": 10
  },
  "firstBytePercentiles": {
    "p10": 0.000510309,
    "p25": 0.000713329,
    "p50": 0.000951914,
    "p75": 0.001202868,
    "p90": 0.001510591,
    "p95": 0.001732386,
    "p99": 0.002663967,
    "p99.9": 0.004004775,
    "p99.99": 0.004036759
  },
  "rps": {
    "mean": 47996.063181184065,
    "stddev": 4308.746317116023,
    "max": 52009.36008144324,
    "min": 40772.53175676859,
    "percentiles": {
      "p10": 40772.53175676859,
      "p25": 47782.9512032889,
      "p50": 49520.44828493464,
      "p75": 49895.02457948494,
      "p90": 52009.36008144324,
      "p95": 52009.36008144324,
      "p99": 52009.36008144324,
      "p99.9": 52009.36008144324,
      "p99.99": 52009.36008144324
    }
  },
  "details": {
    "DNSDialup": {
      "average": 0.00008385104000000001,
      "fastest": 0.000022259,
      "slowest": 0.000220243
    },
    "DNSLookup": {
      "average": 0.000013250439999999999,
      "fastest": 8.2e-7,
      "slowest": 0.000041822
    },
    "firstByte": {
      "average": 0.001005806093500001,
      "fastest": 0.000232029,
      "slowest": 0.004036759
    }
  },
  "statusCodeDistribution": {
    "403": 2000
  },
  "errorDistribution": {}
}