{
  "summary": {
    "successRate": 1.0,
    "total": 15.00275912,
    "slowest": 0.017311641,
    "fastest": 0.000015508,
    "average": 0.00004862474040448572,
    "requestsPerSec": 200015.54220781222,
    "totalData": 225058200,
    "sizePerRequest": 75,
    "sizePerSec": 15001120.673861755
  },
  "responseTimeHistogram": {
    "0.000015508": 1,
    "0.0017451212999999998": 3000767,
    "0.0034747345999999995": 7,
    "0.005204347899999999": 0,
    "0.006933961199999999": 0,
    "0.008663574499999998": 0,
    "0.010393187799999997": 0,
    "0.012122801099999997": 0,
    "0.013852414399999997": 0,
    "0.015582027699999997": 0,
    "0.017311641": 1
  },
  "latencyPercentiles": {
    "p10": 0.000032811,
    "p25": 0.000039167,
    "p50": 0.000047052,
    "p75": 0.000055882,
    "p90": 0.000065474,
    "p95": 0.000072758,
    "p99": 0.00009038,
    "p99.9": 0.000138117,
    "p99.99": 0.000222311
  },
  "firstByteHistogram": {
    "0.000015446": 1,
    "0.0017450535999999999": 3000767,
    "0.0034746612": 7,
    "0.005204268799999999": 0,
    "0.0069338763999999995": 0,
    "0.008663484": 0,
    "0.0103930916": 0,
    "0.0121226992": 0,
    "0.0138523068": 0,
    "0.0155819144": 0,
    "0.017311522": 1
  },
  "firstBytePercentiles": {
    "p10": 0.000032697,
    "p25": 0.000039009,
    "p50": 0.000046866,
    "p75": 0.000055674,
    "p90": 0.000065257,
    "p95": 0.000072538,
    "p99": 0.000090158,
    "p99.9": 0.000137897,
    "p99.99": 0.000222151
  },
  "rps": {
    "mean": 200027.70812040413,
    "stddev": 7204.39221565335,
    "max": 219401.97803939274,
    "min": 106406.53336116197,
    "percentiles": {
      "p10": 193496.16641350434,
      "p25": 197689.1401363768,
      "p50": 200859.0602898427,
      "p75": 203556.7998028851,
      "p90": 206615.37402485564,
      "p95": 208319.16536321354,
      "p99": 213323.97761508415,
      "p99.9": 217614.67687874087,
      "p99.99": 219401.97803939274
    }
  },
  "details": {
    "DNSDialup": {
      "average": 0.0000914634,
      "fastest": 0.000033022,
      "slowest": 0.000178891
    },
    "DNSLookup": {
      "average": 0.000028018000000000002,
      "fastest": 0.000014488,
      "slowest": 0.000047467
    },
    "firstByte": {
      "average": 0.000048448417502336476,
      "fastest": 0.000015446,
      "slowest": 0.017311522
    }
  },
  "statusCodeDistribution": {
    "400": 3000776
  },
  "errorDistribution": {
    "aborted due to deadline": 9
  }
}