{
  "summary": {
    "successRate": 1.0,
    "total": 0.131620738,
    "slowest": 0.129689132,
    "fastest": 0.000160561,
    "average": 0.0017539479420000026,
    "requestsPerSec": 15195.173879058482,
    "totalData": 46000,
    "sizePerRequest": 23,
    "sizePerSec": 349488.9992183451
  },
  "responseTimeHistogram": {
    "0.000160561": 1,
    "0.013113418100000001": 1955,
    "0.026066275200000003": 20,
    "0.0390191323": 10,
    "0.0519719894": 0,
    "0.06492484650000001": 0,
    "0.07787770360000001": 0,
    "0.09083056070000001": 0,
    "0.10378341780000001": 11,
    "0.11673627490000002": 2,
    "0.129689132": 1
  },
  "latencyPercentiles": {
    "p10": 0.000341965,
    "p25": 0.00046354,
    "p50": 0.000680313,
    "p75": 0.000944413,
    "p90": 0.001256119,
    "p95": 0.001553386,
    "p99": 0.029251068,
    "p99.9": 0.114096847,
    "p99.99": 0.129689132
  },
  "firstByteHistogram": {
    "0.00016037": 1,
    "0.0131130809": 1955,
    "0.0260657918": 20,
    "0.039018502700000006": 10,
    "0.0519712136": 0,
    "0.06492392450000001": 0,
    "0.07787663540000002": 0,
    "0.09082934630000002": 0,
    "0.10378205720000001": 11,
    "0.11673476810000001": 2,
    "0.129687479": 1
  },
  "firstBytePercentiles": {
    "p10": 0.000341677,
    "p25": 0.000463267,
    "p50": 0.000680215,
    "p75": 0.000944046,
    "p90": 0.001255758,
    "p95": 0.00155292,
    "p99": 0.029250934,
    "p99.9": 0.114096538,
    "p99.99": 0.129687479
  },
  "rps": {
    "mean": 21022.68865964588,
    "stddev": 19673.13342381974,
    "max": 47567.86540758869,
    "min": 22.539495168501436,
    "percentiles": {
      "p10": 62.89123853351221,
      "p25": 83.46671314093254,
      "p50": 23322.309654969384,
      "p75": 40609.29704397651,
      "p90": 44608.520227363435,
      "p95": 47567.86540758869,
      "p99": 47567.86540758869,
      "p99.9": 47567.86540758869,
      "p99.99": 47567.86540758869
    }
  },
  "details": {
    "DNSDialup": {
      "average": 0.00009953322,
      "fastest": 0.000024687,
      "slowest": 0.000422764
    },
    "DNSLookup": {
      "average": 0.000013804620000000003,
      "fastest": 1.325e-6,
      "slowest": 0.000042814
    },
    "firstByte": {
      "average": 0.0017536266475,
      "fastest": 0.00016037,
      "slowest": 0.129687479
    }
  },
  "statusCodeDistribution": {
    "403": 2000
  },
  "errorDistribution": {}
}