{
  "summary": {
    "successRate": 1.0,
    "total": 0.103554909,
    "slowest": 0.102009306,
    "fastest": 0.000320829,
    "average": 0.0031457575319999973,
    "requestsPerSec": 9656.712652801423,
    "totalData": 23000,
    "sizePerRequest": 23,
    "sizePerSec": 222104.39101443274
  },
  "responseTimeHistogram": {
    "0.000320829": 1,
    "0.0104896767": 975,
    "0.020658524400000003": 22,
    "0.030827372100000004": 0,
    "0.040996219800000004": 0,
    "0.0511650675": 0,
    "0.061333915200000005": 0,
    "0.0715027629": 0,
    "0.0816716106": 0,
    "0.0918404583": 0,
    "0.102009306": 2
  },
  "latencyPercentiles": {
    "p10": 0.001011182,
    "p25": 0.00160568,
    "p50": 0.00243773,
    "p75": 0.003512062,
    "p90": 0.005398159,
    "p95": 0.006760369,
    "p99": 0.016141558,
    "p99.9": 0.102009306,
    "p99.99": 0.102009306
  },
  "firstByteHistogram": {
    "0.000320457": 1,
    "0.010489318099999999": 975,
    "0.020658179199999998": 22,
    "0.030827040299999997": 0,
    "0.0409959014": 0,
    "0.051164762499999995": 0,
    "0.0613336236": 0,
    "0.0715024847": 0,
    "0.08167134579999999": 0,
    "0.09184020689999998": 0,
    "0.10200906799999998": 2
  },
  "firstBytePercentiles": {
    "p10": 0.001010975,
    "p25": 0.001605568,
    "p50": 0.002437636,
    "p75": 0.003511922,
    "p90": 0.005397661,
    "p95": 0.006759936,
    "p99": 0.016141422,
    "p99.9": 0.102009068,
    "p99.99": 0.102009068
  },
  "rps": {
    "mean": 31651.56343056607,
    "stddev": 25112.511334243733,
    "max": 55786.39030555564,
    "min": 11.911778935202983,
    "percentiles": {
      "p10": 11.911778935202983,
      "p25": 23567.6745775519,
      "p50": 47240.277060221546,
      "p75": 55786.39030555564,
      "p90": 55786.39030555564,
      "p95": 55786.39030555564,
      "p99": 55786.39030555564,
      "p99.9": 55786.39030555564,
      "p99.99": 55786.39030555564
    }
  },
  "details": {
    "DNSDialup": {
      "average": 0.0015774375600000003,
      "fastest": 0.00003727,
      "slowest": 0.013892136
    },
    "DNSLookup": {
      "average": 4.99917e-6,
      "fastest": 7.24e-7,
      "slowest": 0.000040897
    },
    "firstByte": {
      "average": 0.0031452707169999997,
      "fastest": 0.000320457,
      "slowest": 0.102009068
    }
  },
  "statusCodeDistribution": {
    "403": 1000
  },
  "errorDistribution": {}
}