{
  "summary": {
    "successRate": 1.0,
    "total": 10.005821404,
    "slowest": 0.017931737,
    "fastest": 0.000017887,
    "average": 0.00014385213780538346,
    "requestsPerSec": 344214.11905504763,
    "totalData": 258307200,
    "sizePerRequest": 75,
    "sizePerSec": 25815691.6429407
  },
  "responseTimeHistogram": {
    "0.000017887": 1,
    "0.001809272": 3443930,
    "0.0036006569999999997": 104,
    "0.0053920420000000005": 30,
    "0.007183427": 0,
    "0.008974811999999999": 18,
    "0.010766197": 0,
    "0.012557582": 0,
    "0.014348966999999999": 0,
    "0.016140352": 0,
    "0.017931737": 13
  },
  "latencyPercentiles": {
    "p10": 0.000072812,
    "p25": 0.000095463,
    "p50": 0.000128546,
    "p75": 0.000173737,
    "p90": 0.000229444,
    "p95": 0.000272807,
    "p99": 0.000392006,
    "p99.9": 0.000695583,
    "p99.99": 0.001346905
  },
  "firstByteHistogram": {
    "0.000017823": 1,
    "0.0018091767999999999": 3443930,
    "0.0036005306": 104,
    "0.0053918844": 30,
    "0.0071832382": 0,
    "0.008974592": 18,
    "0.0107659458": 0,
    "0.0125572996": 0,
    "0.0143486534": 0,
    "0.0161400072": 0,
    "0.017931361": 13
  },
  "firstBytePercentiles": {
    "p10": 0.000072662,
    "p25": 0.000095302,
    "p50": 0.000128381,
    "p75": 0.00017357,
    "p90": 0.00022927,
    "p95": 0.000272642,
    "p99": 0.000391839,
    "p99.9": 0.000695414,
    "p99.99": 0.001346762
  },
  "rps": {
    "mean": 344354.84996643313,
    "stddev": 16783.831209852167,
    "max": 388412.0796156769,
    "min": 250393.22139632585,
    "percentiles": {
      "p10": 323158.26808782003,
      "p25": 334856.32283349853,
      "p50": 345906.77977286815,
      "p75": 355927.5131967464,
      "p90": 363468.18663181225,
      "p95": 369171.69314280513,
      "p99": 377569.8504223476,
      "p99.9": 383231.4185307408,
      "p99.99": 388412.0796156769
    }
  },
  "details": {
    "DNSDialup": {
      "average": 0.00008088722,
      "fastest": 0.000024209,
      "slowest": 0.000214799
    },
    "DNSLookup": {
      "average": 0.0000134833,
      "fastest": 9.27e-7,
      "slowest": 0.000039886
    },
    "firstByte": {
      "average": 0.00014368939025159513,
      "fastest": 0.000017823,
      "slowest": 0.017931361
    }
  },
  "statusCodeDistribution": {
    "400": 3444096
  },
  "errorDistribution": {
    "aborted due to deadline": 49
  }
}