{
  "summary": {
    "successRate": 1.0,
    "total": 15.002004546,
    "slowest": 0.159860697,
    "fastest": 0.000245503,
    "average": 0.014773655520845834,
    "requestsPerSec": 6764.895963657043,
    "totalData": 3016357,
    "sizePerRequest": 29,
    "sizePerSec": 201063.59725135894
  },
  "responseTimeHistogram": {
    "0.000245503": 1,
    "0.0162070224": 61683,
    "0.0321685418": 28485,
    "0.0481300612": 9579,
    "0.06409158059999999": 1421,
    "0.08005309999999999": 177,
    "0.09601461939999999": 11,
    "0.11197613879999999": 7,
    "0.1279376582": 10,
    "0.1438991776": 10,
    "0.159860697": 3
  },
  "latencyPercentiles": {
    "p10": 0.001420884,
    "p25": 0.003591882,
    "p50": 0.011282793,
    "p75": 0.023263777,
    "p90": 0.033071232,
    "p95": 0.039240538,
    "p99": 0.051917711,
    "p99.9": 0.070180547,
    "p99.99": 0.131209769
  },
  "firstByteHistogram": {
    "0.000244947": 1,
    "0.0162064774": 61683,
    "0.0321680078": 28484,
    "0.0481295382": 9580,
    "0.0640910686": 1421,
    "0.080052599": 177,
    "0.0960141294": 11,
    "0.11197565979999999": 7,
    "0.1279371902": 10,
    "0.1438987206": 10,
    "0.159860251": 3
  },
  "firstBytePercentiles": {
    "p10": 0.001420086,
    "p25": 0.003591419,
    "p50": 0.011282346,
    "p75": 0.023263411,
    "p90": 0.033070918,
    "p95": 0.039239925,
    "p99": 0.051917115,
    "p99.9": 0.070179982,
    "p99.99": 0.131209195
  },
  "rps": {
    "mean": 6747.2286854580325,
    "stddev": 5200.30533285324,
    "max": 39438.45407850108,
    "min": 75.66484619568881,
    "percentiles": {
      "p10": 2483.7985770317364,
      "p25": 3472.9716492130533,
      "p50": 5143.96941601597,
      "p75": 8074.392652913342,
      "p90": 13181.3639946855,
      "p95": 17906.330450587127,
      "p99": 27032.498409067895,
      "p99.9": 38336.41959861864,
      "p99.99": 39438.45407850108
    }
  },
  "details": {
    "DNSDialup": {
      "average": 0.00009717254000000001,
      "fastest": 0.000030043,
      "slowest": 0.000787686
    },
    "DNSLookup": {
      "average": 0.000013179319999999994,
      "fastest": 8.68e-7,
      "slowest": 0.000602714
    },
    "firstByte": {
      "average": 0.014773178771262588,
      "fastest": 0.000244947,
      "slowest": 0.159860251
    }
  },
  "statusCodeDistribution": {
    "403": 72868,
    "503": 28519
  },
  "errorDistribution": {
    "aborted due to deadline": 100
  }
}