{
  "summary": {
    "successRate": 1.0,
    "total": 0.062182918,
    "slowest": 0.02531847,
    "fastest": 0.000181024,
    "average": 0.0015097262470000004,
    "requestsPerSec": 32163.17381567716,
    "totalData": 46000,
    "sizePerRequest": 23,
    "sizePerSec": 739752.9977605747
  },
  "responseTimeHistogram": {
    "0.000181024": 1,
    "0.0026947686000000004": 1907,
    "0.005208513200000001": 41,
    "0.007722257800000001": 1,
    "0.010236002400000001": 0,
    "0.012749747": 0,
    "0.015263491600000002": 0,
    "0.0177772362": 0,
    "0.0202909808": 0,
    "0.0228047254": 3,
    "0.02531847": 47
  },
  "latencyPercentiles": {
    "p10": 0.000467952,
    "p25": 0.000614888,
    "p50": 0.000802808,
    "p75": 0.001100308,
    "p90": 0.001715785,
    "p95": 0.002588858,
    "p99": 0.023893059,
    "p99.9": 0.024935214,
    "p99.99": 0.02531847
  },
  "firstByteHistogram": {
    "0.000180695": 1,
    "0.0026944378": 1907,
    "0.0052081806": 41,
    "0.0077219234000000005": 1,
    "0.0102356662": 0,
    "0.012749409": 0,
    "0.015263151800000001": 0,
    "0.017776894600000002": 0,
    "0.020290637400000002": 0,
    "0.022804380200000002": 3,
    "0.025318123": 47
  },
  "firstBytePercentiles": {
    "p10": 0.000467637,
    "p25": 0.000614582,
    "p50": 0.000802421,
    "p75": 0.001100123,
    "p90": 0.001715278,
    "p95": 0.002588436,
    "p99": 0.023892611,
    "p99.9": 0.024934845,
    "p99.99": 0.025318123
  },
  "rps": {
    "mean": 35498.413102604696,
    "stddev": 27803.869661507546,
    "max": 60087.7562118351,
    "min": 48.11188052165017,
    "percentiles": {
      "p10": 48.11188052165017,
      "p25": 1166.0349186646918,
      "p50": 52945.396618788414,
      "p75": 57614.06234996337,
      "p90": 60087.7562118351,
      "p95": 60087.7562118351,
      "p99": 60087.7562118351,
      "p99.9": 60087.7562118351,
      "p99.99": 60087.7562118351
    }
  },
  "details": {
    "DNSDialup": {
      "average": 0.00009566709999999998,
      "fastest": 0.000027292,
      "slowest": 0.000220356
    },
    "DNSLookup": {
      "average": 0.000013691120000000001,
      "fastest": 1.751e-6,
      "slowest": 0.000037368
    },
    "firstByte": {
      "average": 0.0015094163949999993,
      "fastest": 0.000180695,
      "slowest": 0.025318123
    }
  },
  "statusCodeDistribution": {
    "403": 2000
  },
  "errorDistribution": {}
}