{
  "summary": {
    "successRate": 1.0,
    "total": 15.002003949,
    "slowest": 0.009686805,
    "fastest": 0.000015365,
    "average": 0.000049176285111190196,
    "requestsPerSec": 197921.09174840746,
    "totalData": 222690225,
    "sizePerRequest": 75,
    "sizePerSec": 14844031.887809496
  },
  "responseTimeHistogram": {
    "0.000015365": 1,
    "0.000982509": 2969174,
    "0.001949653": 27,
    "0.0029167969999999996": 0,
    "0.0038839409999999997": 0,
    "0.004851085": 0,
    "0.005818228999999999": 0,
    "0.006785373": 0,
    "0.007752517": 0,
    "0.008719661": 0,
    "0.009686805": 1
  },
  "latencyPercentiles": {
    "p10": 0.000032778,
    "p25": 0.000039156,
    "p50": 0.000047093,
    "p75": 0.000056078,
    "p90": 0.000066357,
    "p95": 0.000074692,
    "p99": 0.000105593,
    "p99.9": 0.000149636,
    "p99.99": 0.000256341
  },
  "firstByteHistogram": {
    "0.000015307": 1,
    "0.0009824506": 2969174,
    "0.0019495941999999997": 27,
    "0.0029167377999999994": 0,
    "0.0038838813999999993": 0,
    "0.004851024999999999": 0,
    "0.005818168599999999": 0,
    "0.006785312199999999": 0,
    "0.007752455799999999": 0,
    "0.0087195994": 0,
    "0.009686743": 1
  },
  "firstBytePercentiles": {
    "p10": 0.000032671,
    "p25": 0.000039008,
    "p50": 0.00004692,
    "p75": 0.000055881,
    "p90": 0.000066156,
    "p95": 0.000074489,
    "p99": 0.000105401,
    "p99.9": 0.00014941,
    "p99.99": 0.000255906
  },
  "rps": {
    "mean": 197933.25897535458,
    "stddev": 8269.521583903568,
    "max": 213735.50146679315,
    "min": 113448.02698561846,
    "percentiles": {
      "p10": 188859.7375660361,
      "p25": 194973.25145055668,
      "p50": 199650.9760680973,
      "p75": 202683.12420271567,
      "p90": 205611.8117032011,
      "p95": 207316.460926983,
      "p99": 210746.61715171262,
      "p99.9": 213717.86681366552,
      "p99.99": 213735.50146679315
    }
  },
  "details": {
    "DNSDialup": {
      "average": 0.0000947868,
      "fastest": 0.000059138,
      "slowest": 0.0001561
    },
    "DNSLookup": {
      "average": 0.000028799399999999997,
      "fastest": 0.000018181,
      "slowest": 0.000037141
    },
    "firstByte": {
      "average": 0.00004901157737042637,
      "fastest": 0.000015307,
      "slowest": 0.009686743
    }
  },
  "statusCodeDistribution": {
    "400": 2969203
  },
  "errorDistribution": {
    "aborted due to deadline": 10
  }
}