{
  "summary": {
    "successRate": 1.0,
    "total": 0.0445312,
    "slowest": 0.006779746,
    "fastest": 0.000226735,
    "average": 0.0010718824479999992,
    "requestsPerSec": 44912.33112963495,
    "totalData": 46000,
    "sizePerRequest": 23,
    "sizePerSec": 1032983.6159816039
  },
  "responseTimeHistogram": {
    "0.000226735": 1,
    "0.0008820360999999999": 1009,
    "0.0015373372": 718,
    "0.0021926383": 129,
    "0.0028479394": 68,
    "0.0035032405": 37,
    "0.004158541599999999": 25,
    "0.004813842699999999": 7,
    "0.0054691437999999995": 5,
    "0.0061244449": 0,
    "0.006779746": 1
  },
  "latencyPercentiles": {
    "p10": 0.000511646,
    "p25": 0.000655509,
    "p50": 0.000878684,
    "p75": 0.001205265,
    "p90": 0.001810093,
    "p95": 0.002562936,
    "p99": 0.003814334,
    "p99.9": 0.005422299,
    "p99.99": 0.006779746
  },
  "firstByteHistogram": {
    "0.000226336": 1,
    "0.0008816315000000001": 1009,
    "0.001536927": 718,
    "0.0021922225000000004": 129,
    "0.0028475180000000003": 68,
    "0.0035028135": 37,
    "0.004158109": 25,
    "0.0048134045": 7,
    "0.0054687": 5,
    "0.0061239955": 0,
    "0.006779291": 1
  },
  "firstBytePercentiles": {
    "p10": 0.000511202,
    "p25": 0.000655076,
    "p50": 0.000878131,
    "p75": 0.00120484,
    "p90": 0.001809624,
    "p95": 0.002562858,
    "p99": 0.003813837,
    "p99.9": 0.005421839,
    "p99.99": 0.006779291
  },
  "rps": {
    "mean": 46408.716936643366,
    "stddev": 16910.275117260942,
    "max": 58570.74145177618,
    "min": 17214.19379739377,
    "percentiles": {
      "p10": 17214.19379739377,
      "p25": 47449.51717570699,
      "p50": 51698.63534900794,
      "p75": 57110.496909331945,
      "p90": 58570.74145177618,
      "p95": 58570.74145177618,
      "p99": 58570.74145177618,
      "p99.9": 58570.74145177618,
      "p99.99": 58570.74145177618
    }
  },
  "details": {
    "DNSDialup": {
      "average": 0.00007820341999999999,
      "fastest": 0.000022358,
      "slowest": 0.000199707
    },
    "DNSLookup": {
      "average": 0.000012748539999999998,
      "fastest": 7.65e-7,
      "slowest": 0.000037541
    },
    "firstByte": {
      "average": 0.0010714211935000013,
      "fastest": 0.000226336,
      "slowest": 0.006779291
    }
  },
  "statusCodeDistribution": {
    "403": 2000
  },
  "errorDistribution": {}
}