{
  "summary": {
    "successRate": 1.0,
    "total": 15.008713549,
    "slowest": 0.028449243,
    "fastest": 0.000032903,
    "average": 0.00045122530497482564,
    "requestsPerSec": 220567.00523947086,
    "totalData": 195309411,
    "sizePerRequest": 59,
    "sizePerSec": 13013068.06625096
  },
  "responseTimeHistogram": {
    "0.000032903": 1,
    "0.002874537": 3285361,
    "0.005716171": 24879,
    "0.008557805000000002": 33,
    "0.011399439": 0,
    "0.014241073": 37,
    "0.017082707000000003": 7,
    "0.019924341": 0,
    "0.022765975": 0,
    "0.025607609": 0,
    "0.028449243": 11
  },
  "latencyPercentiles": {
    "p10": 0.000160346,
    "p25": 0.000218124,
    "p50": 0.000311294,
    "p75": 0.000472713,
    "p90": 0.000854832,
    "p95": 0.001329197,
    "p99": 0.002639858,
    "p99.9": 0.003743192,
    "p99.99": 0.004324468
  },
  "firstByteHistogram": {
    "0.000032844": 1,
    "0.002874466": 3285365,
    "0.005716087999999999": 24875,
    "0.00855771": 33,
    "0.011399332": 0,
    "0.014240954": 37,
    "0.017082576": 7,
    "0.019924198": 0,
    "0.02276582": 0,
    "0.025607441999999998": 0,
    "0.028449064": 11
  },
  "firstBytePercentiles": {
    "p10": 0.000160154,
    "p25": 0.000217925,
    "p50": 0.000311091,
    "p75": 0.000472502,
    "p90": 0.00085466,
    "p95": 0.001329015,
    "p99": 0.002639529,
    "p99.9": 0.003742966,
    "p99.99": 0.004324298
  },
  "rps": {
    "mean": 220759.93392669852,
    "stddev": 9807.776643118987,
    "max": 257761.88862946077,
    "min": 60.34144326353559,
    "percentiles": {
      "p10": 212918.3322684168,
      "p25": 216773.65737691548,
      "p50": 220838.54549024327,
      "p75": 224405.677463636,
      "p90": 228118.02132368123,
      "p95": 230893.41947751865,
      "p99": 250877.8223004782,
      "p99.9": 256259.95746544944,
      "p99.99": 257761.88862946077
    }
  },
  "details": {
    "DNSDialup": {
      "average": 0.008380996179999994,
      "fastest": 0.00002238,
      "slowest": 0.027776816
    },
    "DNSLookup": {
      "average": 8.994590000000001e-6,
      "fastest": 7.3e-7,
      "slowest": 0.000048212
    },
    "firstByte": {
      "average": 0.00045102717526927067,
      "fastest": 0.000032844,
      "slowest": 0.028449064
    }
  },
  "statusCodeDistribution": {
    "200": 3310329
  },
  "errorDistribution": {
    "aborted due to deadline": 98
  }
}
