{
  "summary": {
    "successRate": 1.0,
    "total": 15.040192885,
    "slowest": 0.003986477,
    "fastest": 0.000036104,
    "average": 0.000042088591857628866,
    "requestsPerSec": 23313.26484181589,
    "totalData": 34712865,
    "sizePerRequest": 99,
    "sizePerSec": 2308006.636977382
  },
  "responseTimeHistogram": {
    "0.000036104": 1,
    "0.0004311413": 350580,
    "0.0008261786": 7,
    "0.0012212158999999998": 9,
    "0.0016162531999999999": 3,
    "0.0020112905": 6,
    "0.0024063277999999996": 4,
    "0.0028013650999999997": 6,
    "0.0031964024": 7,
    "0.0035914397": 9,
    "0.003986477": 3
  },
  "latencyPercentiles": {
    "p10": 0.000036985,
    "p25": 0.00003725,
    "p50": 0.000037701,
    "p75": 0.000040079,
    "p90": 0.000046245,
    "p95": 0.000062219,
    "p99": 0.00009168,
    "p99.9": 0.000189733,
    "p99.99": 0.001318782
  },
  "firstByteHistogram": {
    "0.000036045": 1,
    "0.00043106989999999994": 350580,
    "0.0008260947999999998": 7,
    "0.0012211196999999997": 9,
    "0.0016161445999999997": 3,
    "0.0020111695": 6,
    "0.0024061943999999997": 4,
    "0.0028012193": 6,
    "0.0031962441999999996": 7,
    "0.0035912690999999994": 9,
    "0.003986294": 3
  },
  "firstBytePercentiles": {
    "p10": 0.000036927,
    "p25": 0.000037192,
    "p50": 0.000037642,
    "p75": 0.000040004,
    "p90": 0.000046032,
    "p95": 0.00006206,
    "p99": 0.000091478,
    "p99.9": 0.000189411,
    "p99.99": 0.00131825
  },
  "rps": {
    "mean": 23362.033268228428,
    "stddev": 4261.879505717947,
    "max": 26770.424956934043,
    "min": 94.6989963989693,
    "percentiles": {
      "p10": 17538.481181560783,
      "p25": 21474.949722025845,
      "p50": 25241.79789313086,
      "p75": 26179.817026150307,
      "p90": 26398.349691610856,
      "p95": 26495.505699846115,
      "p99": 26619.642634301385,
      "p99.9": 26765.564927845404,
      "p99.99": 26770.424956934043
    }
  },
  "details": {
    "DNSDialup": {
      "average": 0.000132518,
      "fastest": 0.000132518,
      "slowest": 0.000132518
    },
    "DNSLookup": {
      "average": 0.000031979,
      "fastest": 0.000031979,
      "slowest": 0.000031979
    },
    "firstByte": {
      "average": 0.00004199851450939168,
      "fastest": 0.000036045,
      "slowest": 0.003986294
    }
  },
  "statusCodeDistribution": {
    "200": 350635
  },
  "errorDistribution": {
    "aborted due to deadline": 1
  }
}
