{
  "summary": {
    "successRate": 1.0,
    "total": 0.165147703,
    "slowest": 0.162500592,
    "fastest": 0.000199694,
    "average": 0.019528451987000005,
    "requestsPerSec": 6055.185641909897,
    "totalData": 23000,
    "sizePerRequest": 23,
    "sizePerSec": 139269.26976392762
  },
  "responseTimeHistogram": {
    "0.000199694": 1,
    "0.0164297838": 740,
    "0.0326598736": 78,
    "0.0488899634": 45,
    "0.0651200532": 48,
    "0.081350143": 29,
    "0.0975802328": 0,
    "0.1138103226": 0,
    "0.1300404124": 7,
    "0.1462705022": 1,
    "0.162500592": 51
  },
  "latencyPercentiles": {
    "p10": 0.000483257,
    "p25": 0.000903636,
    "p50": 0.003293686,
    "p75": 0.0168337,
    "p90": 0.061930105,
    "p95": 0.146722785,
    "p99": 0.149605999,
    "p99.9": 0.162500592,
    "p99.99": 0.162500592
  },
  "firstByteHistogram": {
    "0.000199612": 1,
    "0.0164296899": 740,
    "0.0326597678": 78,
    "0.048889845700000004": 45,
    "0.0651199236": 48,
    "0.0813500015": 29,
    "0.0975800794": 0,
    "0.1138101573": 0,
    "0.1300402352": 7,
    "0.1462703131": 1,
    "0.162500391": 51
  },
  "firstBytePercentiles": {
    "p10": 0.000483012,
    "p25": 0.000903366,
    "p50": 0.003293487,
    "p75": 0.016833456,
    "p90": 0.06193003,
    "p95": 0.146722195,
    "p99": 0.149605865,
    "p99.9": 0.162500391,
    "p99.99": 0.162500391
  },
  "rps": {
    "mean": 10500.553944579682,
    "stddev": 15587.322330044777,
    "max": 42928.28115162266,
    "min": 27.646172015643426,
    "percentiles": {
      "p10": 50.882164437722544,
      "p25": 67.32345635393395,
      "p50": 1437.2999458138013,
      "p75": 13447.893081914839,
      "p90": 40161.10400239659,
      "p95": 42928.28115162266,
      "p99": 42928.28115162266,
      "p99.9": 42928.28115162266,
      "p99.99": 42928.28115162266
    }
  },
  "details": {
    "DNSDialup": {
      "average": 0.0030152859749999995,
      "fastest": 0.000033962,
      "slowest": 0.013487116
    },
    "DNSLookup": {
      "average": 4.236669999999998e-6,
      "fastest": 7.17e-7,
      "slowest": 0.000046343
    },
    "firstByte": {
      "average": 0.01952817383,
      "fastest": 0.000199612,
      "slowest": 0.162500391
    }
  },
  "statusCodeDistribution": {
    "403": 1000
  },
  "errorDistribution": {}
}