{
  "summary": {
    "successRate": 1.0,
    "total": 15.006143559,
    "slowest": 0.016827153,
    "fastest": 0.00003777,
    "average": 0.00023101741032394754,
    "requestsPerSec": 214925.3062466987,
    "totalData": 190284381,
    "sizePerRequest": 59,
    "sizePerSec": 12680431.8679116
  },
  "responseTimeHistogram": {
    "0.00003777": 1,
    "0.0017167083": 3216229,
    "0.0033956466": 8613,
    "0.005074584900000001": 294,
    "0.006753523200000001": 1,
    "0.0084324615": 0,
    "0.0101113998": 0,
    "0.0117903381": 7,
    "0.0134692764": 0,
    "0.0151482147": 0,
    "0.016827153": 14
  },
  "latencyPercentiles": {
    "p10": 0.000110811,
    "p25": 0.00014035,
    "p50": 0.000183734,
    "p75": 0.000245877,
    "p90": 0.000352145,
    "p95": 0.00053698,
    "p99": 0.00111633,
    "p99.9": 0.002246743,
    "p99.99": 0.003389307
  },
  "firstByteHistogram": {
    "0.000037715": 1,
    "0.001716615": 3216229,
    "0.0033955149999999996": 8615,
    "0.005074415": 292,
    "0.006753314999999999": 1,
    "0.008432215": 0,
    "0.010111115": 0,
    "0.011790015": 7,
    "0.013468915": 0,
    "0.015147815": 0,
    "0.016826715": 14
  },
  "firstBytePercentiles": {
    "p10": 0.000110639,
    "p25": 0.000140175,
    "p50": 0.000183561,
    "p75": 0.000245703,
    "p90": 0.000351964,
    "p95": 0.000536766,
    "p99": 0.001116119,
    "p99.9": 0.002246512,
    "p99.99": 0.003389169
  },
  "rps": {
    "mean": 215017.26644641324,
    "stddev": 8955.11505359621,
    "max": 245009.11433905317,
    "min": 57.931980092486086,
    "percentiles": {
      "p10": 208428.2628724559,
      "p25": 212473.72838374908,
      "p50": 215731.50992845482,
      "p75": 218534.98745151787,
      "p90": 220984.34972628704,
      "p95": 222600.13356009594,
      "p99": 238062.62057611565,
      "p99.9": 244409.14090186966,
      "p99.99": 245009.11433905317
    }
  },
  "details": {
    "DNSDialup": {
      "average": 0.006172098279999998,
      "fastest": 0.000023489,
      "slowest": 0.01651703
    },
    "DNSLookup": {
      "average": 0.000013982640000000003,
      "fastest": 1.054e-6,
      "slowest": 0.000052794
    },
    "firstByte": {
      "average": 0.00023084122105236494,
      "fastest": 0.000037715,
      "slowest": 0.016826715
    }
  },
  "statusCodeDistribution": {
    "200": 3225159
  },
  "errorDistribution": {
    "aborted due to deadline": 41
  }
}
