{
  "summary": {
    "successRate": 1.0,
    "total": 15.003744634,
    "slowest": 1.01428594,
    "fastest": 0.000076021,
    "average": 0.0022392936459439436,
    "requestsPerSec": 222521.0493408615,
    "totalData": 196951204,
    "sizePerRequest": 59,
    "sizePerSec": 13126803.261746317
  },
  "responseTimeHistogram": {
    "0.000076021": 1,
    "0.1014970129": 3338124,
    "0.20291800480000002": 0,
    "0.30433899670000003": 0,
    "0.4057599886": 0,
    "0.5071809805": 0,
    "0.6086019724000001": 0,
    "0.7100229643000001": 0,
    "0.8114439562000001": 0,
    "0.9128649481000001": 0,
    "1.01428594": 31
  },
  "latencyPercentiles": {
    "p10": 0.000627741,
    "p25": 0.000982493,
    "p50": 0.001713874,
    "p75": 0.002996618,
    "p90": 0.004508944,
    "p95": 0.005638666,
    "p99": 0.008247711,
    "p99.9": 0.012099083,
    "p99.99": 0.016876187
  },
  "firstByteHistogram": {
    "0.00007594": 1,
    "0.10149690589999998": 3338124,
    "0.20291787179999995": 0,
    "0.3043388376999999": 0,
    "0.4057598035999999": 0,
    "0.5071807694999999": 0,
    "0.6086017353999998": 0,
    "0.7100227012999999": 0,
    "0.8114436671999998": 0,
    "0.9128646330999998": 0,
    "1.014285599": 31
  },
  "firstBytePercentiles": {
    "p10": 0.000627526,
    "p25": 0.000982275,
    "p50": 0.00171366,
    "p75": 0.002996402,
    "p90": 0.004508719,
    "p95": 0.005638452,
    "p99": 0.008247529,
    "p99.9": 0.012098784,
    "p99.99": 0.016876032
  },
  "rps": {
    "mean": 223022.12608181805,
    "stddev": 10826.623822114738,
    "max": 269658.4782876891,
    "min": 22.8814960910625,
    "percentiles": {
      "p10": 214353.7773999029,
      "p25": 218139.9929930439,
      "p50": 222096.5776809207,
      "p75": 226523.30924852367,
      "p90": 231249.7186895291,
      "p95": 240240.4564928759,
      "p99": 257405.22532607472,
      "p99.9": 267301.8176523618,
      "p99.99": 269658.4782876891
    }
  },
  "details": {
    "DNSDialup": {
      "average": 0.07653002685600004,
      "fastest": 0.000098521,
      "slowest": 1.010729291
    },
    "DNSLookup": {
      "average": 3.907821999999998e-6,
      "fastest": 7.56e-7,
      "slowest": 0.000038243
    },
    "firstByte": {
      "average": 0.002239080339168708,
      "fastest": 0.00007594,
      "slowest": 1.014285599
    }
  },
  "statusCodeDistribution": {
    "200": 3338156
  },
  "errorDistribution": {
    "aborted due to deadline": 493
  }
}
