{
  "summary": {
    "successRate": 1.0,
    "total": 10.001648414,
    "slowest": 0.103627021,
    "fastest": 0.000022973,
    "average": 0.000035822712591403646,
    "requestsPerSec": 27305.49892332978,
    "totalData": 6281277,
    "sizePerRequest": 23,
    "sizePerSec": 628024.1756156577
  },
  "responseTimeHistogram": {
    "0.000022973": 1,
    "0.010383377800000001": 273097,
    "0.0207437826": 0,
    "0.0311041874": 0,
    "0.041464592200000004": 0,
    "0.051824997000000005": 0,
    "0.062185401800000005": 0,
    "0.0725458066": 0,
    "0.0829062114": 0,
    "0.0932666162": 0,
    "0.103627021": 1
  },
  "latencyPercentiles": {
    "p10": 0.000024266,
    "p25": 0.000024994,
    "p50": 0.000026481,
    "p75": 0.000032862,
    "p90": 0.000059549,
    "p95": 0.000072843,
    "p99": 0.000156279,
    "p99.9": 0.000306962,
    "p99.99": 0.000583251
  },
  "firstByteHistogram": {
    "0.000022916": 1,
    "0.0103832335": 273097,
    "0.020743551000000002": 0,
    "0.031103868500000003": 0,
    "0.041464186": 0,
    "0.0518245035": 0,
    "0.062184821": 0,
    "0.07254513850000001": 0,
    "0.082905456": 0,
    "0.0932657735": 0,
    "0.103626091": 1
  },
  "firstBytePercentiles": {
    "p10": 0.000024206,
    "p25": 0.00002493,
    "p50": 0.000026409,
    "p75": 0.000032645,
    "p90": 0.000059475,
    "p95": 0.00007269,
    "p99": 0.000156076,
    "p99.9": 0.000306647,
    "p99.99": 0.000582859
  },
  "rps": {
    "mean": 27564.452405729644,
    "stddev": 8707.64896488617,
    "max": 39201.407330522066,
    "min": 9.60951098659235,
    "percentiles": {
      "p10": 14026.817873091957,
      "p25": 21212.89289469625,
      "p50": 29695.56329223109,
      "p75": 34964.49550841675,
      "p90": 36649.24192144533,
      "p95": 37432.86605639473,
      "p99": 38284.574453425674,
      "p99.9": 39201.407330522066,
      "p99.99": 39201.407330522066
    }
  },
  "details": {
    "DNSDialup": {
      "average": 0.00006460982142857143,
      "fastest": 0.000052297,
      "slowest": 0.000128441
    },
    "DNSLookup": {
      "average": 0.000019026071428571425,
      "fastest": 0.000016356,
      "slowest": 0.000032825
    },
    "firstByte": {
      "average": 0.00003571748632913352,
      "fastest": 0.000022916,
      "slowest": 0.103626091
    }
  },
  "statusCodeDistribution": {
    "403": 273099
  },
  "errorDistribution": {
    "aborted due to deadline": 1
  }
}