{
  "summary": {
    "successRate": 1.0,
    "total": 0.104302096,
    "slowest": 0.102523519,
    "fastest": 0.000214304,
    "average": 0.001067387129,
    "requestsPerSec": 19175.070077211105,
    "totalData": 46000,
    "sizePerRequest": 23,
    "sizePerSec": 441026.6117758554
  },
  "responseTimeHistogram": {
    "0.000214304": 1,
    "0.0104452255": 1995,
    "0.020676147": 0,
    "0.0309070685": 0,
    "0.04113799": 0,
    "0.0513689115": 0,
    "0.061599833": 0,
    "0.0718307545": 0,
    "0.082061676": 0,
    "0.0922925975": 0,
    "0.10252351900000001": 4
  },
  "latencyPercentiles": {
    "p10": 0.000462206,
    "p25": 0.000599162,
    "p50": 0.000794018,
    "p75": 0.001036747,
    "p90": 0.001301762,
    "p95": 0.001532021,
    "p99": 0.00242222,
    "p99.9": 0.102519185,
    "p99.99": 0.102523519
  },
  "firstByteHistogram": {
    "0.000214175": 1,
    "0.0104450593": 1995,
    "0.0206759436": 0,
    "0.0309068279": 0,
    "0.041137712199999996": 0,
    "0.051368596499999995": 0,
    "0.061599480799999995": 0,
    "0.0718303651": 0,
    "0.0820612494": 0,
    "0.09229213369999999": 0,
    "0.102523018": 4
  },
  "firstBytePercentiles": {
    "p10": 0.000461864,
    "p25": 0.000598728,
    "p50": 0.00079348,
    "p75": 0.001036367,
    "p90": 0.00130148,
    "p95": 0.001531656,
    "p99": 0.002421759,
    "p99.9": 0.102518636,
    "p99.99": 0.102523018
  },
  "rps": {
    "mean": 34881.66591872286,
    "stddev": 26384.688511770786,
    "max": 56957.531155871795,
    "min": 15.51041559305509,
    "percentiles": {
      "p10": 15.51041559305509,
      "p25": 4193.229611469332,
      "p50": 54248.543361432276,
      "p75": 56163.08815800747,
      "p90": 56957.531155871795,
      "p95": 56957.531155871795,
      "p99": 56957.531155871795,
      "p99.9": 56957.531155871795,
      "p99.99": 56957.531155871795
    }
  },
  "details": {
    "DNSDialup": {
      "average": 0.00008906636,
      "fastest": 0.000025402,
      "slowest": 0.00054152
    },
    "DNSLookup": {
      "average": 0.00002136044,
      "fastest": 1.324e-6,
      "slowest": 0.000420467
    },
    "firstByte": {
      "average": 0.001067038069,
      "fastest": 0.000214175,
      "slowest": 0.102523018
    }
  },
  "statusCodeDistribution": {
    "403": 2000
  },
  "errorDistribution": {}
}