{
  "summary": {
    "successRate": 1.0,
    "total": 15.003494633,
    "slowest": 0.047892942,
    "fastest": 0.000060243,
    "average": 0.001859374501787505,
    "requestsPerSec": 53680.827014029965,
    "totalData": 79725591,
    "sizePerRequest": 99,
    "sizePerSec": 5313801.41428148
  },
  "responseTimeHistogram": {
    "0.000060243": 1,
    "0.004843512899999999": 759189,
    "0.009626782799999999": 41867,
    "0.014410052699999999": 3155,
    "0.0191933226": 706,
    "0.023976592499999998": 211,
    "0.0287598624": 117,
    "0.0335431323": 33,
    "0.0383264022": 16,
    "0.043109672099999996": 12,
    "0.047892941999999994": 2
  },
  "latencyPercentiles": {
    "p10": 0.000422435,
    "p25": 0.000721862,
    "p50": 0.001329731,
    "p75": 0.002433158,
    "p90": 0.003933796,
    "p95": 0.005069243,
    "p99": 0.00808612,
    "p99.9": 0.015764241,
    "p99.99": 0.027357675
  },
  "firstByteHistogram": {
    "0.000060175": 1,
    "0.0048434199": 759197,
    "0.0096266648": 41860,
    "0.0144099097": 3154,
    "0.019193154599999998": 706,
    "0.0239763995": 211,
    "0.028759644399999996": 117,
    "0.0335428893": 33,
    "0.0383261342": 16,
    "0.0431093791": 12,
    "0.047892624": 2
  },
  "firstBytePercentiles": {
    "p10": 0.000422177,
    "p25": 0.000721556,
    "p50": 0.001329414,
    "p75": 0.002432785,
    "p90": 0.003933482,
    "p95": 0.005068905,
    "p99": 0.008085239,
    "p99.9": 0.015763841,
    "p99.99": 0.027357273
  },
  "rps": {
    "mean": 53656.857059694434,
    "stddev": 23738.322022793156,
    "max": 159145.69072780365,
    "min": 9336.771005249977,
    "percentiles": {
      "p10": 29575.39359334555,
      "p25": 46015.94912796621,
      "p50": 53061.81731809877,
      "p75": 56467.687817386286,
      "p90": 59907.36261486659,
      "p95": 68538.79981457262,
      "p99": 153942.0269140269,
      "p99.9": 158722.8084675783,
      "p99.99": 159145.69072780365
    }
  },
  "details": {
    "DNSDialup": {
      "average": 0.00015557084999999994,
      "fastest": 0.000035745,
      "slowest": 0.000804936
    },
    "DNSLookup": {
      "average": 9.94038e-6,
      "fastest": 9.13e-7,
      "slowest": 0.000226927
    },
    "firstByte": {
      "average": 0.0018590516445774502,
      "fastest": 0.000060175,
      "slowest": 0.047892624
    }
  },
  "statusCodeDistribution": {
    "200": 805309
  },
  "errorDistribution": {
    "aborted due to deadline": 91
  }
}
