{
  "summary": {
    "successRate": 1.0,
    "total": 0.1311369,
    "slowest": 0.130092542,
    "fastest": 0.000149377,
    "average": 0.0021655404999999985,
    "requestsPerSec": 15251.237447278378,
    "totalData": 46000,
    "sizePerRequest": 23,
    "sizePerSec": 350778.4612874027
  },
  "responseTimeHistogram": {
    "0.000149377": 1,
    "0.0131436935": 1949,
    "0.02613801": 20,
    "0.0391323265": 8,
    "0.052126643": 0,
    "0.0651209595": 0,
    "0.07811527600000001": 0,
    "0.0911095925": 0,
    "0.10410390900000001": 5,
    "0.11709822550000001": 12,
    "0.130092542": 5
  },
  "latencyPercentiles": {
    "p10": 0.000275938,
    "p25": 0.000368673,
    "p50": 0.000517727,
    "p75": 0.000837411,
    "p90": 0.001221797,
    "p95": 0.001464341,
    "p99": 0.101779349,
    "p99.9": 0.130078075,
    "p99.99": 0.130092542
  },
  "firstByteHistogram": {
    "0.000149293": 1,
    "0.013143580100000002": 1949,
    "0.026137867200000005": 20,
    "0.039132154300000006": 8,
    "0.05212644140000001": 0,
    "0.0651207285": 0,
    "0.0781150156": 0,
    "0.0911093027": 0,
    "0.10410358980000001": 5,
    "0.11709787690000001": 12,
    "0.130092164": 5
  },
  "firstBytePercentiles": {
    "p10": 0.000275583,
    "p25": 0.000368544,
    "p50": 0.000517443,
    "p75": 0.000837181,
    "p90": 0.001221383,
    "p95": 0.001463935,
    "p99": 0.101778936,
    "p99.9": 0.130077924,
    "p99.99": 0.130092164
  },
  "rps": {
    "mean": 21185.749845725317,
    "stddev": 19914.619301253853,
    "max": 50388.58394504603,
    "min": 26.920610580984466,
    "percentiles": {
      "p10": 63.28957302385744,
      "p25": 74.05862599327429,
      "p50": 24187.743458168854,
      "p75": 42669.07621449995,
      "p90": 47731.56966017324,
      "p95": 50388.58394504603,
      "p99": 50388.58394504603,
      "p99.9": 50388.58394504603,
      "p99.99": 50388.58394504603
    }
  },
  "details": {
    "DNSDialup": {
      "average": 0.00008549994,
      "fastest": 0.000021522,
      "slowest": 0.000285009
    },
    "DNSLookup": {
      "average": 0.000018279700000000004,
      "fastest": 8.53e-7,
      "slowest": 0.000205346
    },
    "firstByte": {
      "average": 0.0021652397554999996,
      "fastest": 0.000149293,
      "slowest": 0.130092164
    }
  },
  "statusCodeDistribution": {
    "403": 2000
  },
  "errorDistribution": {}
}