{
  "summary": {
    "successRate": 1.0,
    "total": 15.004901892,
    "slowest": 0.009896757,
    "fastest": 0.000019251,
    "average": 0.00023130627564085687,
    "requestsPerSec": 429909.1754434778,
    "totalData": 483799350,
    "sizePerRequest": 75,
    "sizePerSec": 32242753.300369263
  },
  "responseTimeHistogram": {
    "0.000019251": 1,
    "0.0010070016000000002": 6442925,
    "0.0019947522000000003": 7431,
    "0.0029825028000000004": 268,
    "0.0039702534": 8,
    "0.004958004": 3,
    "0.0059457546": 0,
    "0.0069335052000000005": 0,
    "0.0079212558": 0,
    "0.0089090064": 0,
    "0.009896757": 22
  },
  "latencyPercentiles": {
    "p10": 0.000105933,
    "p25": 0.000145796,
    "p50": 0.000205019,
    "p75": 0.000286389,
    "p90": 0.000385544,
    "p95": 0.000461292,
    "p99": 0.000656822,
    "p99.9": 0.001046666,
    "p99.99": 0.001666503
  },
  "firstByteHistogram": {
    "0.000019191": 1,
    "0.0010069233": 6442930,
    "0.0019946556": 7426,
    "0.0029823879": 268,
    "0.0039701202": 8,
    "0.0049578525": 3,
    "0.0059455848": 0,
    "0.006933317099999999": 0,
    "0.0079210494": 0,
    "0.0089087817": 0,
    "0.009896514": 22
  },
  "firstBytePercentiles": {
    "p10": 0.000105781,
    "p25": 0.000145636,
    "p50": 0.000204851,
    "p75": 0.000286219,
    "p90": 0.000385376,
    "p95": 0.000461122,
    "p99": 0.000656653,
    "p99.9": 0.001046538,
    "p99.99": 0.001666427
  },
  "rps": {
    "mean": 429932.11304482544,
    "stddev": 23044.246769825444,
    "max": 498521.1871504575,
    "min": 308231.78856601386,
    "percentiles": {
      "p10": 401533.21048869815,
      "p25": 414016.5984928165,
      "p50": 431093.80601218634,
      "p75": 445424.8101619311,
      "p90": 458482.97082553094,
      "p95": 465016.46158274903,
      "p99": 480459.80092979275,
      "p99.9": 495675.1443518603,
      "p99.99": 498521.1871504575
    }
  },
  "details": {
    "DNSDialup": {
      "average": 0.0001073251,
      "fastest": 0.000026839,
      "slowest": 0.000540789
    },
    "DNSLookup": {
      "average": 0.00001156787,
      "fastest": 7.23e-7,
      "slowest": 0.000390197
    },
    "firstByte": {
      "average": 0.00023114254679895227,
      "fastest": 0.000019191,
      "slowest": 0.009896514
    }
  },
  "statusCodeDistribution": {
    "400": 6450658
  },
  "errorDistribution": {
    "aborted due to deadline": 87
  }
}