{
  "summary": {
    "successRate": 1.0,
    "total": 0.138042427,
    "slowest": 0.135990232,
    "fastest": 0.000123933,
    "average": 0.0019001893234999988,
    "requestsPerSec": 14488.299311051667,
    "totalData": 46000,
    "sizePerRequest": 23,
    "sizePerSec": 333230.88415418833
  },
  "responseTimeHistogram": {
    "0.000123933": 1,
    "0.013710562899999999": 1962,
    "0.027297192799999998": 12,
    "0.040883822699999996": 11,
    "0.0544704526": 0,
    "0.0680570825": 0,
    "0.0816437124": 0,
    "0.0952303423": 0,
    "0.1088169722": 4,
    "0.1224036021": 2,
    "0.135990232": 8
  },
  "latencyPercentiles": {
    "p10": 0.000321791,
    "p25": 0.000454331,
    "p50": 0.000644887,
    "p75": 0.000885838,
    "p90": 0.001127446,
    "p95": 0.001423609,
    "p99": 0.036221409,
    "p99.9": 0.135976218,
    "p99.99": 0.135990232
  },
  "firstByteHistogram": {
    "0.000123655": 1,
    "0.0137102575": 1962,
    "0.02729686": 12,
    "0.040883462499999995": 11,
    "0.054470065": 0,
    "0.0680566675": 0,
    "0.08164326999999999": 0,
    "0.09522987249999999": 0,
    "0.108816475": 4,
    "0.1224030775": 2,
    "0.13598968": 8
  },
  "firstBytePercentiles": {
    "p10": 0.000321382,
    "p25": 0.000453991,
    "p50": 0.000644495,
    "p75": 0.000885428,
    "p90": 0.001127043,
    "p95": 0.001423176,
    "p99": 0.036220986,
    "p99.9": 0.135975992,
    "p99.99": 0.13598968
  },
  "rps": {
    "mean": 21357.179010635606,
    "stddev": 21639.367128408936,
    "max": 57264.739607123316,
    "min": 24.11930120306351,
    "percentiles": {
      "p10": 75.79989736693898,
      "p25": 442.47214942019,
      "p50": 18247.62879120952,
      "p75": 43600.065400098116,
      "p90": 49800.11815754392,
      "p95": 57264.739607123316,
      "p99": 57264.739607123316,
      "p99.9": 57264.739607123316,
      "p99.99": 57264.739607123316
    }
  },
  "details": {
    "DNSDialup": {
      "average": 0.00007922472000000002,
      "fastest": 0.000021434,
      "slowest": 0.000212285
    },
    "DNSLookup": {
      "average": 0.00001253122,
      "fastest": 8.06e-7,
      "slowest": 0.000036324
    },
    "firstByte": {
      "average": 0.001899853899500001,
      "fastest": 0.000123655,
      "slowest": 0.13598968
    }
  },
  "statusCodeDistribution": {
    "403": 2000
  },
  "errorDistribution": {}
}