{
  "summary": {
    "successRate": 1.0,
    "total": 15.010211085,
    "slowest": 1.05206068,
    "fastest": 0.000097984,
    "average": 0.0044750401744492385,
    "requestsPerSec": 111325.08334075836,
    "totalData": 165381084,
    "sizePerRequest": 99,
    "sizePerSec": 11017905.282176116
  },
  "responseTimeHistogram": {
    "0.000097984": 1,
    "0.10529425360000001": 1670396,
    "0.21049052320000003": 59,
    "0.31568679280000006": 26,
    "0.42088306240000006": 0,
    "0.5260793320000001": 0,
    "0.6312756016000002": 0,
    "0.7364718712000001": 0,
    "0.8416681408000002": 0,
    "0.9468644104000002": 0,
    "1.05206068": 34
  },
  "latencyPercentiles": {
    "p10": 0.001178288,
    "p25": 0.001917439,
    "p50": 0.003400371,
    "p75": 0.00578941,
    "p90": 0.008932521,
    "p95": 0.01146657,
    "p99": 0.018124268,
    "p99.9": 0.03085567,
    "p99.99": 0.087062748
  },
  "firstByteHistogram": {
    "0.000097803": 1,
    "0.10529406719999998": 1670396,
    "0.21049033139999998": 59,
    "0.31568659559999995": 26,
    "0.42088285979999995": 0,
    "0.5260791239999999": 0,
    "0.6312753881999998": 0,
    "0.7364716523999999": 0,
    "0.8416679165999998": 0,
    "0.9468641807999998": 0,
    "1.052060445": 34
  },
  "firstBytePercentiles": {
    "p10": 0.001178039,
    "p25": 0.001917202,
    "p50": 0.003400153,
    "p75": 0.00578912,
    "p90": 0.008932281,
    "p95": 0.011466397,
    "p99": 0.018124079,
    "p99.9": 0.030855385,
    "p99.99": 0.08706265
  },
  "rps": {
    "mean": 111400.15315187279,
    "stddev": 21183.326954773664,
    "max": 193011.98604433492,
    "min": 60.77379997725844,
    "percentiles": {
      "p10": 85915.28432908189,
      "p25": 94524.75603359025,
      "p50": 110014.86300799332,
      "p75": 129511.04729233422,
      "p90": 136276.7510661993,
      "p95": 139805.09148727104,
      "p99": 163117.68941290953,
      "p99.9": 171191.3819596903,
      "p99.99": 193011.98604433492
    }
  },
  "details": {
    "DNSDialup": {
      "average": 0.07748132378200005,
      "fastest": 0.000048269,
      "slowest": 1.047835409
    },
    "DNSLookup": {
      "average": 3.6710899999999954e-6,
      "fastest": 8.44e-7,
      "slowest": 0.000224921
    },
    "firstByte": {
      "average": 0.004474794613721677,
      "fastest": 0.000097803,
      "slowest": 1.052060445
    }
  },
  "statusCodeDistribution": {
    "200": 1670516
  },
  "errorDistribution": {
    "aborted due to deadline": 497
  }
}
