{
  "summary": {
    "successRate": 1.0,
    "total": 15.001961494,
    "slowest": 0.009423305,
    "fastest": 0.000039695,
    "average": 0.00009335375408316593,
    "requestsPerSec": 105448.21093112986,
    "totalData": 156610179,
    "sizePerRequest": 99,
    "sizePerSec": 10439313.489948357
  },
  "responseTimeHistogram": {
    "0.000039695": 1,
    "0.0009780560000000002": 1580929,
    "0.0019164170000000001": 408,
    "0.0028547780000000005": 178,
    "0.0037931390000000005": 243,
    "0.0047315000000000005": 102,
    "0.005669861000000001": 26,
    "0.006608222": 15,
    "0.007546583000000001": 10,
    "0.008484944": 3,
    "0.009423305": 6
  },
  "latencyPercentiles": {
    "p10": 0.000054373,
    "p25": 0.00006432,
    "p50": 0.000096558,
    "p75": 0.000107729,
    "p90": 0.000119145,
    "p95": 0.000132523,
    "p99": 0.000205575,
    "p99.9": 0.000675541,
    "p99.99": 0.003819883
  },
  "firstByteHistogram": {
    "0.000039633": 1,
    "0.0009779714": 1580930,
    "0.0019163098": 407,
    "0.0028546481999999996": 178,
    "0.0037929865999999997": 243,
    "0.004731325": 102,
    "0.005669663399999999": 26,
    "0.0066080018": 15,
    "0.0075463401999999995": 10,
    "0.0084846786": 3,
    "0.009423017": 6
  },
  "firstBytePercentiles": {
    "p10": 0.00005429,
    "p25": 0.000064196,
    "p50": 0.000096336,
    "p75": 0.000107486,
    "p90": 0.000118899,
    "p95": 0.000132275,
    "p99": 0.000205313,
    "p99.9": 0.000674704,
    "p99.99": 0.003819618
  },
  "rps": {
    "mean": 105382.5447976347,
    "stddev": 16406.160853682875,
    "max": 120034.24577031846,
    "min": 8964.471023611166,
    "percentiles": {
      "p10": 97311.60927499841,
      "p25": 105732.89350316933,
      "p50": 109911.60798072595,
      "p75": 112580.02672073332,
      "p90": 114033.46882310117,
      "p95": 114851.48792203407,
      "p99": 116186.44271337184,
      "p99.9": 117476.430165469,
      "p99.99": 120034.24577031846
    }
  },
  "details": {
    "DNSDialup": {
      "average": 0.00008421690000000002,
      "fastest": 0.000065349,
      "slowest": 0.000125868
    },
    "DNSLookup": {
      "average": 0.0000259237,
      "fastest": 0.000020269,
      "slowest": 0.000033155
    },
    "firstByte": {
      "average": 0.00009316932275315356,
      "fastest": 0.000039633,
      "slowest": 0.009423017
    }
  },
  "statusCodeDistribution": {
    "200": 1581921
  },
  "errorDistribution": {
    "aborted due to deadline": 9
  }
}
