{
  "summary": {
    "successRate": 1.0,
    "total": 15.002467864,
    "slowest": 0.01223205,
    "fastest": 0.000031648,
    "average": 0.00007998224789890196,
    "requestsPerSec": 122773.46745196801,
    "totalData": 108671864,
    "sizePerRequest": 59,
    "sizePerSec": 7243599.185489314
  },
  "responseTimeHistogram": {
    "0.000031648": 1,
    "0.0012516882": 1841025,
    "0.0024717284": 654,
    "0.0036917686": 144,
    "0.0049118087999999996": 47,
    "0.006131848999999999": 5,
    "0.0073518891999999995": 10,
    "0.0085719294": 4,
    "0.0097919696": 2,
    "0.0110120098": 2,
    "0.01223205": 2
  },
  "latencyPercentiles": {
    "p10": 0.000042846,
    "p25": 0.000050554,
    "p50": 0.000079034,
    "p75": 0.000092059,
    "p90": 0.000106495,
    "p95": 0.000129963,
    "p99": 0.00025458,
    "p99.9": 0.000779347,
    "p99.99": 0.002669806
  },
  "firstByteHistogram": {
    "0.000031584": 1,
    "0.0012516120000000003": 1841025,
    "0.00247164": 654,
    "0.0036916680000000004": 144,
    "0.004911696000000001": 47,
    "0.006131724000000001": 5,
    "0.007351752000000001": 10,
    "0.008571780000000001": 4,
    "0.009791808": 2,
    "0.011011836": 2,
    "0.012231864": 2
  },
  "firstBytePercentiles": {
    "p10": 0.000042776,
    "p25": 0.000050449,
    "p50": 0.000078825,
    "p75": 0.000091813,
    "p90": 0.000106241,
    "p95": 0.000129731,
    "p99": 0.000254273,
    "p99.9": 0.000779144,
    "p99.99": 0.002669339
  },
  "rps": {
    "mean": 122769.56598881562,
    "stddev": 28930.051551744567,
    "max": 153177.04805518294,
    "min": 7438.812749401277,
    "percentiles": {
      "p10": 80139.50877782395,
      "p25": 120227.93454515513,
      "p50": 134161.96941367854,
      "p75": 140144.7482181022,
      "p90": 143633.98380057552,
      "p95": 145569.89462400894,
      "p99": 148409.94208510124,
      "p99.9": 151100.317310669,
      "p99.99": 153177.04805518294
    }
  },
  "details": {
    "DNSDialup": {
      "average": 0.0001586732,
      "fastest": 0.000068052,
      "slowest": 0.000746166
    },
    "DNSLookup": {
      "average": 0.000030444000000000002,
      "fastest": 0.000022295,
      "slowest": 0.000044157
    },
    "firstByte": {
      "average": 0.00007980578404101244,
      "fastest": 0.000031584,
      "slowest": 0.012231864
    }
  },
  "statusCodeDistribution": {
    "200": 1841896
  },
  "errorDistribution": {
    "aborted due to deadline": 9
  }
}
