{
  "summary": {
    "successRate": 1.0,
    "total": 10.003024865,
    "slowest": 0.012463616,
    "fastest": 0.000032312,
    "average": 0.0007022057702035088,
    "requestsPerSec": 141976.9538881377,
    "totalData": 32662507,
    "sizePerRequest": 23,
    "sizePerSec": 3265263.0020229383
  },
  "responseTimeHistogram": {
    "0.000032312": 1,
    "0.0012754424": 1234911,
    "0.0025185728": 137300,
    "0.0037617032": 24340,
    "0.0050048335999999995": 14031,
    "0.006247964": 5840,
    "0.0074910943999999995": 2343,
    "0.008734224799999999": 975,
    "0.0099773552": 250,
    "0.0112204856": 100,
    "0.012463616": 18
  },
  "latencyPercentiles": {
    "p10": 0.000172457,
    "p25": 0.000260213,
    "p50": 0.000438827,
    "p75": 0.000826081,
    "p90": 0.001446485,
    "p95": 0.002018687,
    "p99": 0.004476549,
    "p99.9": 0.007428638,
    "p99.99": 0.009733059
  },
  "firstByteHistogram": {
    "0.000032238": 1,
    "0.0012753698": 1234957,
    "0.0025185016": 137258,
    "0.0037616334": 24338,
    "0.0050047652000000005": 14031,
    "0.0062478970000000005": 5838,
    "0.0074910288000000005": 2344,
    "0.0087341606": 974,
    "0.0099772924": 250,
    "0.0112204242": 100,
    "0.012463556": 18
  },
  "firstBytePercentiles": {
    "p10": 0.000172235,
    "p25": 0.000259992,
    "p50": 0.000438591,
    "p75": 0.000825827,
    "p90": 0.001446203,
    "p95": 0.002018517,
    "p99": 0.004476342,
    "p99.9": 0.007428477,
    "p99.99": 0.00973248
  },
  "rps": {
    "mean": 142370.47002068226,
    "stddev": 28376.352591004452,
    "max": 200382.2285230671,
    "min": 20627.446880819236,
    "percentiles": {
      "p10": 101919.37455210026,
      "p25": 126382.69342098502,
      "p50": 149718.42727597684,
      "p75": 162943.94598222396,
      "p90": 171708.27633892169,
      "p95": 177340.11818396873,
      "p99": 187900.43339229873,
      "p99.9": 198223.9585748629,
      "p99.99": 200382.2285230671
    }
  },
  "details": {
    "DNSDialup": {
      "average": 0.00010192776000000003,
      "fastest": 0.000025909,
      "slowest": 0.000582046
    },
    "DNSLookup": {
      "average": 0.000015939005000000015,
      "fastest": 7.69e-7,
      "slowest": 0.00009463
    },
    "firstByte": {
      "average": 0.0007019656581952414,
      "fastest": 0.000032238,
      "slowest": 0.012463556
    }
  },
  "statusCodeDistribution": {
    "403": 1420109
  },
  "errorDistribution": {
    "aborted due to deadline": 90
  }
}