{
  "summary": {
    "successRate": 1.0,
    "total": 15.002222118,
    "slowest": 0.10164827,
    "fastest": 0.000100822,
    "average": 0.0005768547725212786,
    "requestsPerSec": 17253.644024469842,
    "totalData": 5953183,
    "sizePerRequest": 23,
    "sizePerSec": 396820.08126364416
  },
  "responseTimeHistogram": {
    "0.000100822": 1,
    "0.010255566800000001": 258830,
    "0.0204103116": 0,
    "0.030565056400000002": 0,
    "0.0407198012": 0,
    "0.05087454600000001": 0,
    "0.061029290800000004": 0,
    "0.0711840356": 0,
    "0.0813387804": 0,
    "0.09149352520000001": 0,
    "0.10164827000000001": 2
  },
  "latencyPercentiles": {
    "p10": 0.000252469,
    "p25": 0.000310364,
    "p50": 0.000426859,
    "p75": 0.00064531,
    "p90": 0.001030231,
    "p95": 0.001338855,
    "p99": 0.002788848,
    "p99.9": 0.005032764,
    "p99.99": 0.00710527
  },
  "firstByteHistogram": {
    "0.000100734": 1,
    "0.0102554647": 258830,
    "0.0204101954": 0,
    "0.0305649261": 0,
    "0.0407196568": 0,
    "0.0508743875": 0,
    "0.061029118199999996": 0,
    "0.0711838489": 0,
    "0.0813385796": 0,
    "0.0914933103": 0,
    "0.10164804100000001": 2
  },
  "firstBytePercentiles": {
    "p10": 0.000252163,
    "p25": 0.000310014,
    "p50": 0.000426475,
    "p75": 0.000644916,
    "p90": 0.001029809,
    "p95": 0.001338444,
    "p99": 0.002788417,
    "p99.9": 0.005032243,
    "p99.99": 0.007104948
  },
  "rps": {
    "mean": 17210.05155945089,
    "stddev": 5057.677441134223,
    "max": 25560.234814737032,
    "min": 4090.962772562069,
    "percentiles": {
      "p10": 9564.288059079117,
      "p25": 12117.341126888214,
      "p50": 19224.94821529924,
      "p75": 21211.24022825359,
      "p90": 22418.43916621513,
      "p95": 22988.69036743604,
      "p99": 24331.104884483597,
      "p99.9": 25466.120213902133,
      "p99.99": 25560.234814737032
    }
  },
  "details": {
    "DNSDialup": {
      "average": 0.00008027586666666668,
      "fastest": 0.000046659,
      "slowest": 0.000197784
    },
    "DNSLookup": {
      "average": 0.000025456700000000003,
      "fastest": 0.000016541,
      "slowest": 0.000039857
    },
    "firstByte": {
      "average": 0.0005764804454725698,
      "fastest": 0.000100734,
      "slowest": 0.101648041
    }
  },
  "statusCodeDistribution": {
    "403": 258832,
    "503": 1
  },
  "errorDistribution": {
    "aborted due to deadline": 10
  }
}