{
  "summary": {
    "successRate": 1.0,
    "total": 15.008326973,
    "slowest": 0.077560302,
    "fastest": 0.000052555,
    "average": 0.0008701547789562527,
    "requestsPerSec": 114342.65811820676,
    "totalData": 169883505,
    "sizePerRequest": 99,
    "sizePerSec": 11319283.308900494
  },
  "responseTimeHistogram": {
    "0.000052555": 1,
    "0.0078033297": 1714667,
    "0.0155541044": 1244,
    "0.0233048791": 66,
    "0.0310556538": 5,
    "0.038806428500000004": 1,
    "0.0465572032": 0,
    "0.054307977900000005": 0,
    "0.0620587526": 0,
    "0.0698095273": 7,
    "0.077560302": 4
  },
  "latencyPercentiles": {
    "p10": 0.000293055,
    "p25": 0.000447545,
    "p50": 0.000691802,
    "p75": 0.001023755,
    "p90": 0.001518709,
    "p95": 0.002115204,
    "p99": 0.004007441,
    "p99.9": 0.00726384,
    "p99.99": 0.013344801
  },
  "firstByteHistogram": {
    "0.000052442": 1,
    "0.00780322": 1714667,
    "0.015553998": 1244,
    "0.023304776": 66,
    "0.031055554": 5,
    "0.038806332": 1,
    "0.04655711": 0,
    "0.054307888": 0,
    "0.062058666": 0,
    "0.069809444": 7,
    "0.077560222": 4
  },
  "firstBytePercentiles": {
    "p10": 0.000292853,
    "p25": 0.000447336,
    "p50": 0.000691589,
    "p75": 0.00102351,
    "p90": 0.001518387,
    "p95": 0.002114787,
    "p99": 0.004007135,
    "p99.9": 0.007263631,
    "p99.99": 0.01334471
  },
  "rps": {
    "mean": 114361.84353198697,
    "stddev": 21008.387862176547,
    "max": 189834.26977903396,
    "min": 6127.856241338293,
    "percentiles": {
      "p10": 88911.3006262989,
      "p25": 103501.8940846552,
      "p50": 119150.16221829849,
      "p75": 123838.3894001687,
      "p90": 126884.2257490592,
      "p95": 131218.13703099903,
      "p99": 181762.3319386581,
      "p99.9": 188404.48402669324,
      "p99.99": 189834.26977903396
    }
  },
  "details": {
    "DNSDialup": {
      "average": 0.008665458630000001,
      "fastest": 0.000033724,
      "slowest": 0.06808279
    },
    "DNSLookup": {
      "average": 7.49662e-6,
      "fastest": 9.56e-7,
      "slowest": 0.000043928
    },
    "firstByte": {
      "average": 0.00086992067680617,
      "fastest": 0.000052442,
      "slowest": 0.077560222
    }
  },
  "statusCodeDistribution": {
    "200": 1715995
  },
  "errorDistribution": {
    "aborted due to deadline": 97
  }
}
