{
  "summary": {
    "successRate": 1.0,
    "total": 15.001319197,
    "slowest": 0.003380401,
    "fastest": 0.000067356,
    "average": 0.0001141575505718009,
    "requestsPerSec": 8685.236164167196,
    "totalData": 2996670,
    "sizePerRequest": 23,
    "sizePerSec": 199760.4317758455
  },
  "responseTimeHistogram": {
    "0.000067356": 1,
    "0.00039866049999999996": 129050,
    "0.000729965": 1166,
    "0.0010612695": 41,
    "0.001392574": 11,
    "0.0017238784999999998": 5,
    "0.0020551830000000004": 1,
    "0.0023864875000000002": 6,
    "0.002717792": 8,
    "0.0030490965": 0,
    "0.003380401": 1
  },
  "latencyPercentiles": {
    "p10": 0.000074484,
    "p25": 0.000077858,
    "p50": 0.000084863,
    "p75": 0.000112883,
    "p90": 0.000202884,
    "p95": 0.00023446,
    "p99": 0.000396169,
    "p99.9": 0.000610038,
    "p99.99": 0.002234927
  },
  "firstByteHistogram": {
    "0.000067298": 1,
    "0.0003984982": 129052,
    "0.0007296984": 1164,
    "0.0010608986": 41,
    "0.0013920987999999999": 11,
    "0.0017232989999999998": 5,
    "0.0020544992": 1,
    "0.0023856994": 6,
    "0.0027168996": 8,
    "0.0030480997999999997": 0,
    "0.0033792999999999996": 1
  },
  "firstBytePercentiles": {
    "p10": 0.000074423,
    "p25": 0.000077786,
    "p50": 0.000084663,
    "p75": 0.000112704,
    "p90": 0.00020276,
    "p95": 0.000234265,
    "p99": 0.00039611,
    "p99.9": 0.000609766,
    "p99.99": 0.002234873
  },
  "rps": {
    "mean": 8681.287076797485,
    "stddev": 2389.3846775405177,
    "max": 12710.652798110086,
    "min": 1420.1244414473056,
    "percentiles": {
      "p10": 5242.914302146092,
      "p25": 6626.86597735818,
      "p50": 9205.476337873755,
      "p75": 10675.560550016799,
      "p90": 11521.304043305261,
      "p95": 11955.795305531545,
      "p99": 12376.100642851228,
      "p99.9": 12700.768396488666,
      "p99.99": 12710.652798110086
    }
  },
  "details": {
    "DNSDialup": {
      "average": 0.000070075,
      "fastest": 0.00004972,
      "slowest": 0.000134381
    },
    "DNSLookup": {
      "average": 0.00002101035714285714,
      "fastest": 0.000016317,
      "slowest": 0.00003316
    },
    "firstByte": {
      "average": 0.0001140127798756615,
      "fastest": 0.000067298,
      "slowest": 0.0033793
    }
  },
  "statusCodeDistribution": {
    "403": 130290
  },
  "errorDistribution": {}
}