{
  "summary": {
    "successRate": 1.0,
    "total": 15.001785786,
    "slowest": 0.000879129,
    "fastest": 0.000015363,
    "average": 0.000018603361414395828,
    "requestsPerSec": 52120.72823554715,
    "totalData": 58642725,
    "sizePerRequest": 75,
    "sizePerSec": 3909049.618261227
  },
  "responseTimeHistogram": {
    "0.000015363": 1,
    "0.0001017396": 780393,
    "0.0001881162": 1348,
    "0.00027449280000000004": 137,
    "0.0003608694": 18,
    "0.000447246": 2,
    "0.0005336226000000001": 1,
    "0.0006199992": 2,
    "0.0007063758": 0,
    "0.0007927524": 0,
    "0.000879129": 1
  },
  "latencyPercentiles": {
    "p10": 0.000016081,
    "p25": 0.000016311,
    "p50": 0.000016635,
    "p75": 0.000017094,
    "p90": 0.000024219,
    "p95": 0.000032696,
    "p99": 0.000042456,
    "p99.9": 0.000121612,
    "p99.99": 0.000214448
  },
  "firstByteHistogram": {
    "0.000015292": 1,
    "0.000101622": 780400,
    "0.000187952": 1340,
    "0.00027428199999999993": 139,
    "0.00036061199999999996": 17,
    "0.000446942": 2,
    "0.0005332719999999999": 1,
    "0.0006196019999999999": 2,
    "0.0007059319999999999": 0,
    "0.000792262": 0,
    "0.000878592": 1
  },
  "firstBytePercentiles": {
    "p10": 0.000016023,
    "p25": 0.000016252,
    "p50": 0.000016575,
    "p75": 0.000017033,
    "p90": 0.00002401,
    "p95": 0.000032637,
    "p99": 0.000042234,
    "p99.9": 0.000121356,
    "p99.99": 0.000214359
  },
  "rps": {
    "mean": 52138.357761408304,
    "stddev": 10024.674396425284,
    "max": 60504.25949986784,
    "min": 49.67411544929931,
    "percentiles": {
      "p10": 35083.16112513161,
      "p25": 50009.33674317068,
      "p50": 57098.89528663633,
      "p75": 58328.3825909664,
      "p90": 59040.365898162774,
      "p95": 59411.721932737535,
      "p99": 60027.5766687227,
      "p99.9": 60492.7535390047,
      "p99.99": 60504.25949986784
    }
  },
  "details": {
    "DNSDialup": {
      "average": 0.000131101,
      "fastest": 0.000131101,
      "slowest": 0.000131101
    },
    "DNSLookup": {
      "average": 0.000032993,
      "fastest": 0.000032993,
      "slowest": 0.000032993
    },
    "firstByte": {
      "average": 0.000018532972088609936,
      "fastest": 0.000015292,
      "slowest": 0.000878592
    }
  },
  "statusCodeDistribution": {
    "400": 781903
  },
  "errorDistribution": {
    "aborted due to deadline": 1
  }
}