{
  "summary": {
    "successRate": 1.0,
    "total": 15.00149605,
    "slowest": 0.001274852,
    "fastest": 0.000015364,
    "average": 0.000018477525035167167,
    "requestsPerSec": 52507.629730702756,
    "totalData": 59076900,
    "sizePerRequest": 75,
    "sizePerSec": 3938067.2303013406
  },
  "responseTimeHistogram": {
    "0.000015364": 1,
    "0.0001413128": 787414,
    "0.0002672616": 260,
    "0.0003932104": 10,
    "0.0005191592": 1,
    "0.000645108": 1,
    "0.0007710568": 2,
    "0.0008970056": 0,
    "0.0010229543999999999": 2,
    "0.0011489031999999998": 0,
    "0.001274852": 1
  },
  "latencyPercentiles": {
    "p10": 0.000016089,
    "p25": 0.000016276,
    "p50": 0.000016568,
    "p75": 0.000017024,
    "p90": 0.000024407,
    "p95": 0.000032558,
    "p99": 0.000041015,
    "p99.9": 0.00010937,
    "p99.99": 0.000196912
  },
  "firstByteHistogram": {
    "0.000015303": 1,
    "0.00014121719999999997": 787416,
    "0.00026713139999999996": 258,
    "0.00039304559999999995": 10,
    "0.0005189598": 1,
    "0.000644874": 1,
    "0.0007707882": 2,
    "0.0008967023999999999": 0,
    "0.0010226165999999998": 2,
    "0.0011485307999999999": 0,
    "0.001274445": 1
  },
  "firstBytePercentiles": {
    "p10": 0.000016031,
    "p25": 0.000016217,
    "p50": 0.000016509,
    "p75": 0.000016965,
    "p90": 0.000024188,
    "p95": 0.000032499,
    "p99": 0.000040798,
    "p99.9": 0.000109141,
    "p99.99": 0.000196855
  },
  "rps": {
    "mean": 52544.006807656326,
    "stddev": 9854.122808427228,
    "max": 60612.18304880081,
    "min": 50.94301636452606,
    "percentiles": {
      "p10": 36608.5590811133,
      "p25": 50139.18878995983,
      "p50": 57542.89247205191,
      "p75": 58690.947492232954,
      "p90": 59282.56876177,
      "p95": 59593.788704662606,
      "p99": 60127.544428097135,
      "p99.9": 60479.875771935054,
      "p99.99": 60612.18304880081
    }
  },
  "details": {
    "DNSDialup": {
      "average": 0.000129185,
      "fastest": 0.000129185,
      "slowest": 0.000129185
    },
    "DNSLookup": {
      "average": 0.000027396,
      "fastest": 0.000027396,
      "slowest": 0.000027396
    },
    "firstByte": {
      "average": 0.000018408020942195183,
      "fastest": 0.000015303,
      "slowest": 0.001274445
    }
  },
  "statusCodeDistribution": {
    "400": 787692
  },
  "errorDistribution": {
    "aborted due to deadline": 1
  }
}