{
  "summary": {
    "successRate": 1.0,
    "total": 15.004884931,
    "slowest": 0.023085605,
    "fastest": 0.000018138,
    "average": 0.00014118942755361603,
    "requestsPerSec": 350792.0936551433,
    "totalData": 394766100,
    "sizePerRequest": 75,
    "sizePerSec": 26309172.10064142
  },
  "responseTimeHistogram": {
    "0.000018138": 1,
    "0.0023248847": 5263450,
    "0.0046316314": 63,
    "0.0069383781": 1,
    "0.009245124799999999": 0,
    "0.0115518715": 21,
    "0.013858618199999999": 0,
    "0.0161653649": 0,
    "0.0184721116": 0,
    "0.0207788583": 0,
    "0.023085605000000002": 12
  },
  "latencyPercentiles": {
    "p10": 0.000071973,
    "p25": 0.0000942,
    "p50": 0.000126636,
    "p75": 0.00017074,
    "p90": 0.000224758,
    "p95": 0.000266422,
    "p99": 0.000380604,
    "p99.9": 0.000632136,
    "p99.99": 0.001132046
  },
  "firstByteHistogram": {
    "0.000018082": 1,
    "0.0023248276": 5263450,
    "0.0046315732": 63,
    "0.0069383188": 1,
    "0.009245064400000001": 0,
    "0.011551810000000001": 21,
    "0.013858555600000001": 0,
    "0.0161653012": 0,
    "0.0184720468": 0,
    "0.0207787924": 0,
    "0.023085538": 12
  },
  "firstBytePercentiles": {
    "p10": 0.000071818,
    "p25": 0.000094037,
    "p50": 0.000126469,
    "p75": 0.000170569,
    "p90": 0.00022459,
    "p95": 0.000266247,
    "p99": 0.000380425,
    "p99.9": 0.000631931,
    "p99.99": 0.00113196
  },
  "rps": {
    "mean": 350873.44171322737,
    "stddev": 16169.787706677107,
    "max": 504618.26718127186,
    "min": 256820.00627850756,
    "percentiles": {
      "p10": 330504.99062536744,
      "p25": 341686.51502560795,
      "p50": 352233.6735391684,
      "p75": 361480.09632127505,
      "p90": 369547.2281357326,
      "p95": 374447.98184243735,
      "p99": 383108.5050088085,
      "p99.9": 415145.3093633028,
      "p99.99": 504618.26718127186
    }
  },
  "details": {
    "DNSDialup": {
      "average": 0.00008397543999999998,
      "fastest": 0.000020944,
      "slowest": 0.000196961
    },
    "DNSLookup": {
      "average": 0.00001449998,
      "fastest": 1.005e-6,
      "slowest": 0.000047114
    },
    "firstByte": {
      "average": 0.00014102330040116447,
      "fastest": 0.000018082,
      "slowest": 0.023085538
    }
  },
  "statusCodeDistribution": {
    "400": 5263548
  },
  "errorDistribution": {
    "aborted due to deadline": 47
  }
}