{
  "summary": {
    "successRate": 1.0,
    "total": 15.002004174,
    "slowest": 0.010683585,
    "fastest": 0.000027964,
    "average": 0.00004597872189362141,
    "requestsPerSec": 21333.416274784726,
    "totalData": 18882537,
    "sizePerRequest": 59,
    "sizePerSec": 1258667.6274044344
  },
  "responseTimeHistogram": {
    "0.000027964": 1,
    "0.0010935260999999999": 319699,
    "0.0021590882": 244,
    "0.0032246503": 56,
    "0.0042902124": 27,
    "0.0053557745": 8,
    "0.0064213366": 6,
    "0.0074868986999999994": 0,
    "0.0085524608": 1,
    "0.0096180229": 0,
    "0.010683585": 1
  },
  "latencyPercentiles": {
    "p10": 0.000028614,
    "p25": 0.000028894,
    "p50": 0.000030051,
    "p75": 0.000039311,
    "p90": 0.000071741,
    "p95": 0.000083791,
    "p99": 0.000224469,
    "p99.9": 0.001127774,
    "p99.99": 0.003526279
  },
  "firstByteHistogram": {
    "0.000027909": 1,
    "0.0010934359000000001": 319699,
    "0.0021589628000000002": 244,
    "0.0032244897000000003": 56,
    "0.0042900166": 27,
    "0.0053555435000000005": 8,
    "0.0064210704": 6,
    "0.0074865973": 0,
    "0.0085521242": 1,
    "0.009617651100000001": 0,
    "0.010683178000000002": 1
  },
  "firstBytePercentiles": {
    "p10": 0.000028555,
    "p25": 0.000028835,
    "p50": 0.000029986,
    "p75": 0.000039091,
    "p90": 0.000071513,
    "p95": 0.00008351,
    "p99": 0.000224123,
    "p99.9": 0.00112724,
    "p99.99": 0.003525792
  },
  "rps": {
    "mean": 21163.430601638458,
    "stddev": 11434.075915347175,
    "max": 34453.86517281014,
    "min": 82.12272798234366,
    "percentiles": {
      "p10": 1872.1891809723584,
      "p25": 12197.733116825668,
      "p50": 24228.26226793753,
      "p75": 32423.017099839362,
      "p90": 33727.27662379738,
      "p95": 34048.539598051866,
      "p99": 34256.471793751814,
      "p99.9": 34359.87207709589,
      "p99.99": 34453.86517281014
    }
  },
  "details": {
    "DNSDialup": {
      "average": 0.000172582,
      "fastest": 0.000172582,
      "slowest": 0.000172582
    },
    "DNSLookup": {
      "average": 0.000034752,
      "fastest": 0.000034752,
      "slowest": 0.000034752
    },
    "firstByte": {
      "average": 0.00004585767789953249,
      "fastest": 0.000027909,
      "slowest": 0.010683178
    }
  },
  "statusCodeDistribution": {
    "200": 320043
  },
  "errorDistribution": {
    "aborted due to deadline": 1
  }
}
