{
  "summary": {
    "successRate": 1.0,
    "total": 0.043310343,
    "slowest": 0.006449859,
    "fastest": 0.000242579,
    "average": 0.0010440081284999977,
    "requestsPerSec": 46178.34589765313,
    "totalData": 46000,
    "sizePerRequest": 23,
    "sizePerSec": 1062101.955646022
  },
  "responseTimeHistogram": {
    "0.000242579": 1,
    "0.000863307": 987,
    "0.0014840349999999999": 751,
    "0.002104763": 128,
    "0.002725491": 38,
    "0.003346219": 41,
    "0.003966946999999999": 25,
    "0.004587674999999999": 18,
    "0.0052084029999999995": 5,
    "0.0058291309999999995": 4,
    "0.006449859": 2
  },
  "latencyPercentiles": {
    "p10": 0.000447581,
    "p25": 0.000614715,
    "p50": 0.000868703,
    "p75": 0.001192182,
    "p90": 0.001652096,
    "p95": 0.002630107,
    "p99": 0.00423011,
    "p99.9": 0.005941295,
    "p99.99": 0.006449859
  },
  "firstByteHistogram": {
    "0.000242341": 1,
    "0.0008630764": 986,
    "0.0014838118": 752,
    "0.0021045472": 128,
    "0.0027252826": 38,
    "0.003346018": 41,
    "0.0039667534": 25,
    "0.0045874888": 19,
    "0.0052082242": 4,
    "0.0058289596": 4,
    "0.006449695": 2
  },
  "firstBytePercentiles": {
    "p10": 0.000447299,
    "p25": 0.000614372,
    "p50": 0.000868324,
    "p75": 0.001191754,
    "p90": 0.001651693,
    "p95": 0.002629801,
    "p99": 0.004229673,
    "p99.9": 0.005941041,
    "p99.99": 0.006449695
  },
  "rps": {
    "mean": 48509.402621747744,
    "stddev": 18273.95665935787,
    "max": 63442.218252968974,
    "min": 16823.375909570426,
    "percentiles": {
      "p10": 16823.375909570426,
      "p25": 51518.56998882929,
      "p50": 53760.8937903078,
      "p75": 57001.95516706224,
      "p90": 63442.218252968974,
      "p95": 63442.218252968974,
      "p99": 63442.218252968974,
      "p99.9": 63442.218252968974,
      "p99.99": 63442.218252968974
    }
  },
  "details": {
    "DNSDialup": {
      "average": 0.00009308154000000001,
      "fastest": 0.000023883,
      "slowest": 0.000313417
    },
    "DNSLookup": {
      "average": 0.000019367259999999997,
      "fastest": 1.024e-6,
      "slowest": 0.000242841
    },
    "firstByte": {
      "average": 0.0010436708640000013,
      "fastest": 0.000242341,
      "slowest": 0.006449695
    }
  },
  "statusCodeDistribution": {
    "403": 2000
  },
  "errorDistribution": {}
}