{
  "summary": {
    "successRate": 1.0,
    "total": 0.103237982,
    "slowest": 0.102533396,
    "fastest": 0.000142488,
    "average": 0.000820510378,
    "requestsPerSec": 9686.357488080306,
    "totalData": 23000,
    "sizePerRequest": 23,
    "sizePerSec": 222786.22222584707
  },
  "responseTimeHistogram": {
    "0.000142488": 1,
    "0.0103815788": 994,
    "0.0206206696": 0,
    "0.0308597604": 0,
    "0.0410988512": 0,
    "0.051337942000000004": 0,
    "0.0615770328": 0,
    "0.07181612359999999": 0,
    "0.08205521439999999": 0,
    "0.0922943052": 0,
    "0.102533396": 5
  },
  "latencyPercentiles": {
    "p10": 0.000203634,
    "p25": 0.000235991,
    "p50": 0.000273188,
    "p75": 0.00031689,
    "p90": 0.00044103,
    "p95": 0.000559217,
    "p99": 0.002730148,
    "p99.9": 0.102533396,
    "p99.99": 0.102533396
  },
  "firstByteHistogram": {
    "0.000142354": 1,
    "0.0103814084": 994,
    "0.0206204628": 0,
    "0.0308595172": 0,
    "0.041098571599999995": 0,
    "0.051337626": 0,
    "0.06157668039999999": 0,
    "0.07181573479999999": 0,
    "0.08205478919999999": 0,
    "0.0922938436": 0,
    "0.102532898": 5
  },
  "firstBytePercentiles": {
    "p10": 0.000203252,
    "p25": 0.000235576,
    "p50": 0.000272949,
    "p75": 0.000316487,
    "p90": 0.000440697,
    "p95": 0.000558727,
    "p99": 0.002729205,
    "p99.9": 0.102532898,
    "p99.99": 0.102532898
  },
  "rps": {
    "mean": 14121.768984823608,
    "stddev": 6909.109179391079,
    "max": 20603.663210712057,
    "min": 25.425551911819714,
    "percentiles": {
      "p10": 25.425551911819714,
      "p25": 12937.74166665403,
      "p50": 15712.609369018637,
      "p75": 19078.725686485872,
      "p90": 20603.663210712057,
      "p95": 20603.663210712057,
      "p99": 20603.663210712057,
      "p99.9": 20603.663210712057,
      "p99.99": 20603.663210712057
    }
  },
  "details": {
    "DNSDialup": {
      "average": 0.00009286249999999999,
      "fastest": 0.00006881,
      "slowest": 0.000155469
    },
    "DNSLookup": {
      "average": 0.000027714599999999997,
      "fastest": 0.000017998,
      "slowest": 0.000039336
    },
    "firstByte": {
      "average": 0.0008201726930000004,
      "fastest": 0.000142354,
      "slowest": 0.102532898
    }
  },
  "statusCodeDistribution": {
    "403": 1000
  },
  "errorDistribution": {}
}