{
  "summary": {
    "successRate": 1.0,
    "total": 15.006061852,
    "slowest": 0.024610024,
    "fastest": 0.00002812,
    "average": 0.00037399375887116186,
    "requestsPerSec": 132925.4150537937,
    "totalData": 45876697,
    "sizePerRequest": 23,
    "sizePerSec": 3057210.975968727
  },
  "responseTimeHistogram": {
    "0.00002812": 1,
    "0.0024863104": 1990773,
    "0.0049445008": 3807,
    "0.0074026912": 23,
    "0.0098608816": 0,
    "0.012319072": 16,
    "0.0147772624": 7,
    "0.0172354528": 0,
    "0.0196936432": 0,
    "0.0221518336": 0,
    "0.024610024": 12
  },
  "latencyPercentiles": {
    "p10": 0.000127364,
    "p25": 0.000174384,
    "p50": 0.00026016,
    "p75": 0.000457653,
    "p90": 0.000788985,
    "p95": 0.000961833,
    "p99": 0.001572564,
    "p99.9": 0.002832128,
    "p99.99": 0.004127235
  },
  "firstByteHistogram": {
    "0.000028057": 1,
    "0.0024862404": 1990774,
    "0.004944423799999999": 3806,
    "0.0074026071999999995": 23,
    "0.009860790599999999": 0,
    "0.012318973999999998": 16,
    "0.0147771574": 7,
    "0.0172353408": 0,
    "0.0196935242": 0,
    "0.0221517076": 0,
    "0.024609891": 12
  },
  "firstBytePercentiles": {
    "p10": 0.000127136,
    "p25": 0.000174148,
    "p50": 0.000259912,
    "p75": 0.000457378,
    "p90": 0.000788656,
    "p95": 0.000961554,
    "p99": 0.001572199,
    "p99.9": 0.002831882,
    "p99.99": 0.004126976
  },
  "rps": {
    "mean": 132957.7659849394,
    "stddev": 11545.41871098107,
    "max": 170902.78571540743,
    "min": 68375.52651949131,
    "percentiles": {
      "p10": 119090.10357236357,
      "p25": 125933.86770136098,
      "p50": 133165.0111584598,
      "p75": 140200.8131647119,
      "p90": 147754.25536257325,
      "p95": 151317.18963274235,
      "p99": 159448.31882615495,
      "p99.9": 168316.230172343,
      "p99.99": 170902.78571540743
    }
  },
  "details": {
    "DNSDialup": {
      "average": 0.00008517185650224214,
      "fastest": 0.000023764,
      "slowest": 0.000253841
    },
    "DNSLookup": {
      "average": 0.000021857547085201798,
      "fastest": 8.68e-7,
      "slowest": 0.000196412
    },
    "firstByte": {
      "average": 0.0003737393189995866,
      "fastest": 0.000028057,
      "slowest": 0.024609891
    }
  },
  "statusCodeDistribution": {
    "403": 1994639
  },
  "errorDistribution": {
    "aborted due to deadline": 48
  }
}