{
  "summary": {
    "successRate": 1.0,
    "total": 0.037166982,
    "slowest": 0.003465633,
    "fastest": 0.000230449,
    "average": 0.0008923170809999997,
    "requestsPerSec": 53811.2026421731,
    "totalData": 46000,
    "sizePerRequest": 23,
    "sizePerSec": 1237657.6607699813
  },
  "responseTimeHistogram": {
    "0.000230449": 1,
    "0.0005539674": 311,
    "0.0008774858": 791,
    "0.0012010042": 569,
    "0.0015245226": 225,
    "0.001848041": 61,
    "0.0021715594": 24,
    "0.0024950778": 10,
    "0.0028185962": 5,
    "0.0031421146000000003": 1,
    "0.003465633": 2
  },
  "latencyPercentiles": {
    "p10": 0.000505601,
    "p25": 0.000640829,
    "p50": 0.000836616,
    "p75": 0.001071212,
    "p90": 0.001336724,
    "p95": 0.00154186,
    "p99": 0.002126845,
    "p99.9": 0.003175484,
    "p99.99": 0.003465633
  },
  "firstByteHistogram": {
    "0.000230358": 1,
    "0.0005538503": 310,
    "0.0008773426000000001": 792,
    "0.0012008349": 569,
    "0.0015243272": 225,
    "0.0018478195": 61,
    "0.0021713118000000003": 24,
    "0.0024948041000000002": 10,
    "0.0028182964000000002": 5,
    "0.0031417887": 1,
    "0.003465281": 2
  },
  "firstBytePercentiles": {
    "p10": 0.000505367,
    "p25": 0.000640675,
    "p50": 0.000836267,
    "p75": 0.001070728,
    "p90": 0.001336216,
    "p95": 0.001541394,
    "p99": 0.002126437,
    "p99.9": 0.003175131,
    "p99.99": 0.003465281
  },
  "rps": {
    "mean": 54431.517140698576,
    "stddev": 7131.549166362794,
    "max": 60900.88151587174,
    "min": 44242.96877127066,
    "percentiles": {
      "p10": 44242.96877127066,
      "p25": 56262.62712370106,
      "p50": 56319.59115195085,
      "p75": 60900.88151587174,
      "p90": 60900.88151587174,
      "p95": 60900.88151587174,
      "p99": 60900.88151587174,
      "p99.9": 60900.88151587174,
      "p99.99": 60900.88151587174
    }
  },
  "details": {
    "DNSDialup": {
      "average": 0.00006824303999999999,
      "fastest": 0.000020394,
      "slowest": 0.000199611
    },
    "DNSLookup": {
      "average": 0.000012006880000000004,
      "fastest": 1.045e-6,
      "slowest": 0.000042417
    },
    "firstByte": {
      "average": 0.0008919719634999994,
      "fastest": 0.000230358,
      "slowest": 0.003465281
    }
  },
  "statusCodeDistribution": {
    "403": 2000
  },
  "errorDistribution": {}
}