{
  "summary": {
    "successRate": 1.0,
    "total": 15.004699349,
    "slowest": 0.062437961,
    "fastest": 0.000072337,
    "average": 0.0019311239399874413,
    "requestsPerSec": 103282.57594200197,
    "totalData": 153409905,
    "sizePerRequest": 99,
    "sizePerSec": 10224123.884909706
  },
  "responseTimeHistogram": {
    "0.000072337": 1,
    "0.0063088994": 1519179,
    "0.012545461800000001": 28702,
    "0.0187820242": 1278,
    "0.0250185866": 283,
    "0.031255149": 73,
    "0.0374917114": 43,
    "0.0437282738": 16,
    "0.0499648362": 19,
    "0.0562013986": 0,
    "0.062437961": 1
  },
  "latencyPercentiles": {
    "p10": 0.000531267,
    "p25": 0.000845512,
    "p50": 0.001457101,
    "p75": 0.002554508,
    "p90": 0.003953333,
    "p95": 0.00495776,
    "p99": 0.007291205,
    "p99.9": 0.012949935,
    "p99.99": 0.024989355
  },
  "firstByteHistogram": {
    "0.000072164": 1,
    "0.006308713299999999": 1519186,
    "0.012545262599999999": 28696,
    "0.0187818119": 1277,
    "0.0250183612": 283,
    "0.0312549105": 73,
    "0.0374914598": 43,
    "0.0437280091": 16,
    "0.0499645584": 19,
    "0.056201107699999996": 0,
    "0.062437656999999994": 1
  },
  "firstBytePercentiles": {
    "p10": 0.000531031,
    "p25": 0.000845294,
    "p50": 0.001456851,
    "p75": 0.002554274,
    "p90": 0.003953049,
    "p95": 0.00495756,
    "p99": 0.007290841,
    "p99.9": 0.012948905,
    "p99.99": 0.024989183
  },
  "rps": {
    "mean": 103300.23130383575,
    "stddev": 14013.253408728448,
    "max": 169502.0170740081,
    "min": 68.30929574755507,
    "percentiles": {
      "p10": 89515.34292977746,
      "p25": 98245.68297944263,
      "p50": 103866.91720383224,
      "p75": 107710.79262141668,
      "p90": 111438.76954792904,
      "p95": 117253.9309605568,
      "p99": 157900.5526519343,
      "p99.9": 165538.58704464583,
      "p99.99": 169502.0170740081
    }
  },
  "details": {
    "DNSDialup": {
      "average": 0.00319672319,
      "fastest": 0.000045646,
      "slowest": 0.023939457
    },
    "DNSLookup": {
      "average": 5.742854999999998e-6,
      "fastest": 9.18e-7,
      "slowest": 0.000064459
    },
    "firstByte": {
      "average": 0.0019308655268983432,
      "fastest": 0.000072164,
      "slowest": 0.062437657
    }
  },
  "statusCodeDistribution": {
    "200": 1549595
  },
  "errorDistribution": {
    "aborted due to deadline": 129
  }
}
