{
  "summary": {
    "successRate": 1.0,
    "total": 10.003501249,
    "slowest": 0.03598982,
    "fastest": 0.00002881,
    "average": 0.00033318643292692626,
    "requestsPerSec": 149202.26057343697,
    "totalData": 34327638,
    "sizePerRequest": 23,
    "sizePerSec": 3431562.3245842615
  },
  "responseTimeHistogram": {
    "0.00002881": 1,
    "0.003624911": 1492195,
    "0.007221012": 278,
    "0.010817113": 0,
    "0.014413214": 0,
    "0.018009315": 12,
    "0.021605416": 7,
    "0.025201517": 0,
    "0.028797618": 0,
    "0.032393718999999994": 10,
    "0.03598982": 3
  },
  "latencyPercentiles": {
    "p10": 0.00011547,
    "p25": 0.000157935,
    "p50": 0.000236454,
    "p75": 0.000397003,
    "p90": 0.000704473,
    "p95": 0.000855011,
    "p99": 0.001305971,
    "p99.9": 0.002969738,
    "p99.99": 0.003914104
  },
  "firstByteHistogram": {
    "0.000028746": 1,
    "0.0036248170000000002": 1492195,
    "0.007220888": 278,
    "0.010816959000000001": 0,
    "0.01441303": 0,
    "0.018009101": 12,
    "0.021605172000000002": 7,
    "0.025201243": 0,
    "0.028797314": 0,
    "0.032393385000000004": 10,
    "0.035989456": 3
  },
  "firstBytePercentiles": {
    "p10": 0.000115267,
    "p25": 0.000157732,
    "p50": 0.00023623,
    "p75": 0.000396766,
    "p90": 0.000704192,
    "p95": 0.000854773,
    "p99": 0.001305602,
    "p99.9": 0.002969483,
    "p99.99": 0.003913691
  },
  "rps": {
    "mean": 149219.33874402905,
    "stddev": 12373.23847224804,
    "max": 180605.50532253497,
    "min": 91138.11982058811,
    "percentiles": {
      "p10": 133114.77574010295,
      "p25": 142409.42750409964,
      "p50": 150590.76064064392,
      "p75": 158148.53767711952,
      "p90": 163489.566151959,
      "p95": 166274.75713080712,
      "p99": 172527.89492851534,
      "p99.9": 175739.15468366374,
      "p99.99": 180605.50532253497
    }
  },
  "details": {
    "DNSDialup": {
      "average": 0.00008040313636363635,
      "fastest": 0.000023079,
      "slowest": 0.000220666
    },
    "DNSLookup": {
      "average": 0.000020814244318181826,
      "fastest": 8.83e-7,
      "slowest": 0.000145727
    },
    "firstByte": {
      "average": 0.000332960142393408,
      "fastest": 0.000028746,
      "slowest": 0.035989456
    }
  },
  "statusCodeDistribution": {
    "403": 1492506
  },
  "errorDistribution": {
    "aborted due to deadline": 39
  }
}