{
  "summary": {
    "successRate": 1.0,
    "total": 15.00229002,
    "slowest": 0.162535779,
    "fastest": 0.000071231,
    "average": 0.0022026844324101037,
    "requestsPerSec": 45337.14513539313,
    "totalData": 67326435,
    "sizePerRequest": 99,
    "sizePerSec": 4487743.8651196
  },
  "responseTimeHistogram": {
    "0.000071231": 1,
    "0.0163176858": 675655,
    "0.03256414059999999": 4190,
    "0.04881059539999999": 164,
    "0.0650570502": 24,
    "0.081303505": 11,
    "0.09754995979999999": 1,
    "0.11379641459999998": 7,
    "0.13004286939999998": 2,
    "0.1462893242": 5,
    "0.162535779": 5
  },
  "latencyPercentiles": {
    "p10": 0.000318322,
    "p25": 0.000489688,
    "p50": 0.000915588,
    "p75": 0.002732297,
    "p90": 0.005710076,
    "p95": 0.008145335,
    "p99": 0.014427594,
    "p99.9": 0.024694524,
    "p99.99": 0.044537029
  },
  "firstByteHistogram": {
    "0.000071071": 1,
    "0.016317532699999998": 675655,
    "0.0325639944": 4190,
    "0.048810456099999996": 164,
    "0.0650569178": 24,
    "0.0813033795": 11,
    "0.0975498412": 1,
    "0.11379630290000001": 7,
    "0.1300427646": 2,
    "0.1462892263": 5,
    "0.16253568799999998": 5
  },
  "firstBytePercentiles": {
    "p10": 0.00031807,
    "p25": 0.000489433,
    "p50": 0.000915337,
    "p75": 0.002731914,
    "p90": 0.005709761,
    "p95": 0.008145014,
    "p99": 0.014427355,
    "p99.9": 0.024694139,
    "p99.99": 0.044536608
  },
  "rps": {
    "mean": 45264.27583423904,
    "stddev": 46067.63858095255,
    "max": 171901.4955430165,
    "min": 11432.537819243878,
    "percentiles": {
      "p10": 18252.51247839772,
      "p25": 20973.421279165734,
      "p50": 24656.473186185456,
      "p75": 30163.723883076145,
      "p90": 137290.9167488515,
      "p95": 163502.76319669778,
      "p99": 168209.36926183992,
      "p99.9": 170307.52759271074,
      "p99.99": 171901.4955430165
    }
  },
  "details": {
    "DNSDialup": {
      "average": 0.00011123023000000002,
      "fastest": 0.000027363,
      "slowest": 0.000520931
    },
    "DNSLookup": {
      "average": 8.18927e-6,
      "fastest": 8.49e-7,
      "slowest": 0.000085652
    },
    "firstByte": {
      "average": 0.0022024010847080605,
      "fastest": 0.000071071,
      "slowest": 0.162535688
    }
  },
  "statusCodeDistribution": {
    "200": 680065
  },
  "errorDistribution": {
    "aborted due to deadline": 96
  }
}
