{
  "summary": {
    "successRate": 1.0,
    "total": 0.103499342,
    "slowest": 0.102213644,
    "fastest": 0.000247313,
    "average": 0.0010833528300000013,
    "requestsPerSec": 19323.794348373733,
    "totalData": 46000,
    "sizePerRequest": 23,
    "sizePerSec": 444447.27001259587
  },
  "responseTimeHistogram": {
    "0.000247313": 1,
    "0.010443946100000002": 1997,
    "0.020640579200000002": 0,
    "0.030837212300000003": 0,
    "0.041033845400000005": 0,
    "0.05123047850000001": 0,
    "0.06142711160000001": 0,
    "0.0716237447": 0,
    "0.08182037780000001": 0,
    "0.09201701090000002": 0,
    "0.10221364400000002": 2
  },
  "latencyPercentiles": {
    "p10": 0.000487603,
    "p25": 0.0006189,
    "p50": 0.000847801,
    "p75": 0.001123442,
    "p90": 0.001594586,
    "p95": 0.002171635,
    "p99": 0.003435543,
    "p99.9": 0.102011637,
    "p99.99": 0.102213644
  },
  "firstByteHistogram": {
    "0.000247165": 1,
    "0.0104436634": 1997,
    "0.0206401618": 0,
    "0.0308366602": 0,
    "0.0410331586": 0,
    "0.051229657000000005": 0,
    "0.0614261554": 0,
    "0.07162265379999999": 0,
    "0.0818191522": 0,
    "0.0920156506": 0,
    "0.102212149": 2
  },
  "firstBytePercentiles": {
    "p10": 0.000486811,
    "p25": 0.000618758,
    "p50": 0.000847455,
    "p75": 0.001123038,
    "p90": 0.001587213,
    "p95": 0.002171189,
    "p99": 0.003435121,
    "p99.9": 0.102010256,
    "p99.99": 0.102212149
  },
  "rps": {
    "mean": 34797.00867118183,
    "stddev": 24966.15961973194,
    "max": 56839.0842970226,
    "min": 16.51857516254815,
    "percentiles": {
      "p10": 16.51857516254815,
      "p25": 5269.370204873041,
      "p50": 52340.75565922379,
      "p75": 54460.53505707495,
      "p90": 56839.0842970226,
      "p95": 56839.0842970226,
      "p99": 56839.0842970226,
      "p99.9": 56839.0842970226,
      "p99.99": 56839.0842970226
    }
  },
  "details": {
    "DNSDialup": {
      "average": 0.00008373766,
      "fastest": 0.000023757,
      "slowest": 0.000202071
    },
    "DNSLookup": {
      "average": 0.000014110519999999998,
      "fastest": 1.006e-6,
      "slowest": 0.000065922
    },
    "firstByte": {
      "average": 0.0010829236204999999,
      "fastest": 0.000247165,
      "slowest": 0.102212149
    }
  },
  "statusCodeDistribution": {
    "403": 2000
  },
  "errorDistribution": {}
}