{
  "summary": {
    "successRate": 1.0,
    "total": 10.001915751,
    "slowest": 0.001037477,
    "fastest": 0.000015243,
    "average": 0.000018581744723896575,
    "requestsPerSec": 52235.09305682413,
    "totalData": 39183750,
    "sizePerRequest": 75,
    "sizePerSec": 3917624.4806983476
  },
  "responseTimeHistogram": {
    "0.000015243": 1,
    "0.00011746639999999999": 521911,
    "0.00021968979999999996": 488,
    "0.00032191319999999997": 43,
    "0.00042413659999999997": 2,
    "0.0005263599999999999": 3,
    "0.0006285833999999999": 0,
    "0.0007308067999999999": 0,
    "0.0008330301999999999": 1,
    "0.0009352535999999998": 0,
    "0.001037477": 1
  },
  "latencyPercentiles": {
    "p10": 0.000016064,
    "p25": 0.000016295,
    "p50": 0.000016611,
    "p75": 0.000017116,
    "p90": 0.000024242,
    "p95": 0.000032697,
    "p99": 0.00004143,
    "p99.9": 0.000119325,
    "p99.99": 0.000216916
  },
  "firstByteHistogram": {
    "0.000015185": 1,
    "0.0001172873": 521911,
    "0.0002193896": 488,
    "0.0003214919": 43,
    "0.0004235942": 2,
    "0.0005256965": 3,
    "0.0006277988": 0,
    "0.0007299011000000001": 0,
    "0.0008320034": 1,
    "0.0009341057": 0,
    "0.001036208": 1
  },
  "firstBytePercentiles": {
    "p10": 0.000016006,
    "p25": 0.000016236,
    "p50": 0.000016551,
    "p75": 0.000017056,
    "p90": 0.000024023,
    "p95": 0.000032637,
    "p99": 0.000041208,
    "p99.9": 0.000119139,
    "p99.99": 0.000215152
  },
  "rps": {
    "mean": 52235.82399326825,
    "stddev": 9834.263097793071,
    "max": 60690.82989602203,
    "min": 1702.2399775865208,
    "percentiles": {
      "p10": 34415.71765825453,
      "p25": 50249.048095844344,
      "p50": 57087.3264833229,
      "p75": 58341.509984359334,
      "p90": 59056.8717675113,
      "p95": 59536.25758086711,
      "p99": 60048.484131686084,
      "p99.9": 60624.728826889725,
      "p99.99": 60690.82989602203
    }
  },
  "details": {
    "DNSDialup": {
      "average": 0.000126755,
      "fastest": 0.000126755,
      "slowest": 0.000126755
    },
    "DNSLookup": {
      "average": 0.000030523,
      "fastest": 0.000030523,
      "slowest": 0.000030523
    },
    "firstByte": {
      "average": 0.00001851215927074392,
      "fastest": 0.000015185,
      "slowest": 0.001036208
    }
  },
  "statusCodeDistribution": {
    "400": 522450
  },
  "errorDistribution": {
    "aborted due to deadline": 1
  }
}