{
  "summary": {
    "successRate": 1.0,
    "total": 10.006330141,
    "slowest": 0.01017876,
    "fastest": 0.000020662,
    "average": 0.00023386922266381414,
    "requestsPerSec": 424999.56928015174,
    "totalData": 318944625,
    "sizePerRequest": 75,
    "sizePerSec": 31874285.627770197
  },
  "responseTimeHistogram": {
    "0.000020662": 1,
    "0.0010364718000000002": 4246304,
    "0.0020522816": 6047,
    "0.0030680914000000004": 190,
    "0.004083901200000001": 33,
    "0.005099711000000001": 0,
    "0.006115520800000001": 0,
    "0.007131330600000002": 0,
    "0.0081471404": 0,
    "0.0091629502": 0,
    "0.01017876": 20
  },
  "latencyPercentiles": {
    "p10": 0.00010632,
    "p25": 0.00014655,
    "p50": 0.000206812,
    "p75": 0.000289825,
    "p90": 0.000390227,
    "p95": 0.000466379,
    "p99": 0.000667911,
    "p99.9": 0.001136477,
    "p99.99": 0.001918655
  },
  "firstByteHistogram": {
    "0.000020592": 1,
    "0.0010364007": 4246304,
    "0.0020522094": 6047,
    "0.0030680181": 190,
    "0.0040838268": 33,
    "0.0050996355": 0,
    "0.0061154442": 0,
    "0.0071312529": 0,
    "0.0081470616": 0,
    "0.0091628703": 0,
    "0.010178679": 20
  },
  "firstBytePercentiles": {
    "p10": 0.000106178,
    "p25": 0.000146396,
    "p50": 0.000206649,
    "p75": 0.000289663,
    "p90": 0.000390059,
    "p95": 0.00046622,
    "p99": 0.000667726,
    "p99.9": 0.001136319,
    "p99.99": 0.001918497
  },
  "rps": {
    "mean": 425221.0901698927,
    "stddev": 24297.314826446946,
    "max": 500738.2461129782,
    "min": 343507.4541117681,
    "percentiles": {
      "p10": 392460.1237304821,
      "p25": 411498.0068565248,
      "p50": 426402.25993194646,
      "p75": 441526.1383474054,
      "p90": 454545.31816818577,
      "p95": 462400.32368022215,
      "p99": 478002.34221146855,
      "p99.9": 500439.4346274552,
      "p99.99": 500738.2461129782
    }
  },
  "details": {
    "DNSDialup": {
      "average": 0.0000896954,
      "fastest": 0.000023726,
      "slowest": 0.000267501
    },
    "DNSLookup": {
      "average": 7.508690000000002e-6,
      "fastest": 7.12e-7,
      "slowest": 0.000039534
    },
    "firstByte": {
      "average": 0.0002337121378812025,
      "fastest": 0.000020592,
      "slowest": 0.010178679
    }
  },
  "statusCodeDistribution": {
    "400": 4252595
  },
  "errorDistribution": {
    "aborted due to deadline": 91
  }
}