{
  "summary": {
    "successRate": 1.0,
    "total": 15.005023118,
    "slowest": 0.027040317,
    "fastest": 0.000063297,
    "average": 0.0011431152478260317,
    "requestsPerSec": 87188.66940168882,
    "totalData": 129512196,
    "sizePerRequest": 99,
    "sizePerSec": 8631256.012170844
  },
  "responseTimeHistogram": {
    "0.000063297": 1,
    "0.002760999": 1237953,
    "0.005458701000000001": 64423,
    "0.008156403000000001": 4628,
    "0.010854105000000001": 793,
    "0.013551807": 237,
    "0.016249509000000002": 85,
    "0.018947211000000002": 61,
    "0.021644913000000002": 9,
    "0.024342615": 8,
    "0.027040317": 6
  },
  "latencyPercentiles": {
    "p10": 0.000338617,
    "p25": 0.000537098,
    "p50": 0.000910497,
    "p75": 0.001457602,
    "p90": 0.002172661,
    "p95": 0.002837079,
    "p99": 0.004493315,
    "p99.9": 0.007983614,
    "p99.99": 0.014408804
  },
  "firstByteHistogram": {
    "0.000063175": 1,
    "0.0027608629": 1237962,
    "0.005458550800000001": 64414,
    "0.0081562387": 4628,
    "0.010853926600000001": 793,
    "0.013551614500000001": 237,
    "0.0162493024": 85,
    "0.0189469903": 61,
    "0.0216446782": 9,
    "0.0243423661": 8,
    "0.027040054": 6
  },
  "firstBytePercentiles": {
    "p10": 0.000338424,
    "p25": 0.00053688,
    "p50": 0.000910248,
    "p75": 0.001457346,
    "p90": 0.002172367,
    "p95": 0.002836771,
    "p99": 0.004493148,
    "p99.9": 0.007983249,
    "p99.99": 0.014408571
  },
  "rps": {
    "mean": 87235.90894740747,
    "stddev": 20921.115649507574,
    "max": 190020.48420820042,
    "min": 54.8996239979652,
    "percentiles": {
      "p10": 73872.55762610187,
      "p25": 78652.02831672087,
      "p50": 83011.0072595609,
      "p75": 91951.30883032779,
      "p90": 97023.69318587366,
      "p95": 101989.51619837077,
      "p99": 182967.35351107756,
      "p99.9": 189628.88047849888,
      "p99.99": 190020.48420820042
    }
  },
  "details": {
    "DNSDialup": {
      "average": 0.0031546717499999996,
      "fastest": 0.000033286,
      "slowest": 0.025372088
    },
    "DNSLookup": {
      "average": 8.825879999999997e-6,
      "fastest": 1.06e-6,
      "slowest": 0.000062383
    },
    "firstByte": {
      "average": 0.001142869662909654,
      "fastest": 0.000063175,
      "slowest": 0.027040054
    }
  },
  "statusCodeDistribution": {
    "200": 1308204
  },
  "errorDistribution": {
    "aborted due to deadline": 64
  }
}
