{
  "summary": {
    "successRate": 1.0,
    "total": 15.002215884,
    "slowest": 0.002269047,
    "fastest": 0.000024136,
    "average": 0.00011639068791467415,
    "requestsPerSec": 84774.143355475,
    "totalData": 29251170,
    "sizePerRequest": 23,
    "sizePerSec": 1949789.966107383
  },
  "responseTimeHistogram": {
    "0.000024136": 1,
    "0.0002486271": 1178930,
    "0.00047311820000000003": 82168,
    "0.0006976093000000001": 7404,
    "0.0009221004": 2228,
    "0.0011465915": 911,
    "0.0013710826": 102,
    "0.0015955737": 18,
    "0.0018200648": 18,
    "0.0020445559000000003": 6,
    "0.002269047": 4
  },
  "latencyPercentiles": {
    "p10": 0.000056497,
    "p25": 0.000077156,
    "p50": 0.000094743,
    "p75": 0.000118251,
    "p90": 0.000167001,
    "p95": 0.000329056,
    "p99": 0.000458891,
    "p99.9": 0.000845936,
    "p99.99": 0.001167423
  },
  "firstByteHistogram": {
    "0.000024072": 1,
    "0.000248534": 1178982,
    "0.000472996": 82130,
    "0.000697458": 7392,
    "0.00092192": 2226,
    "0.001146382": 911,
    "0.001370844": 102,
    "0.0015953060000000001": 18,
    "0.001819768": 18,
    "0.00204423": 6,
    "0.002268692": 4
  },
  "firstBytePercentiles": {
    "p10": 0.000056285,
    "p25": 0.000076992,
    "p50": 0.000094536,
    "p75": 0.000118035,
    "p90": 0.000166768,
    "p95": 0.000328819,
    "p99": 0.000458657,
    "p99.9": 0.000845628,
    "p99.99": 0.001167203
  },
  "rps": {
    "mean": 84779.41497540484,
    "stddev": 7470.8325772723765,
    "max": 106476.24764093572,
    "min": 40234.79102379828,
    "percentiles": {
      "p10": 74654.40813264821,
      "p25": 80684.09703433867,
      "p50": 85827.04978178625,
      "p75": 89965.95119356863,
      "p90": 93469.28878378219,
      "p95": 95107.13303497854,
      "p99": 97397.68013340159,
      "p99.9": 103403.39447693618,
      "p99.99": 106476.24764093572
    }
  },
  "details": {
    "DNSDialup": {
      "average": 0.00006615374999999997,
      "fastest": 0.000033744,
      "slowest": 0.000146331
    },
    "DNSLookup": {
      "average": 0.000019091969696969698,
      "fastest": 8.443e-6,
      "slowest": 0.000043768
    },
    "firstByte": {
      "average": 0.0001161928947798015,
      "fastest": 0.000024072,
      "slowest": 0.002268692
    }
  },
  "statusCodeDistribution": {
    "403": 1271790
  },
  "errorDistribution": {
    "aborted due to deadline": 10
  }
}